src,title,href
https://encrypted-tbn0.gstatic.com/images?q=tbn:ANd9GcSK4CMJm3K0-Njw8uajJnKaGrAzQidoWWH0X4giS8D_gX6BQmU9n3sRJhb-Hw&s,Best trail bikes 2023 | 23...   www.bikeradar.com,https://www.google.com/url?q=https://www.bikeradar.com/advice/buyers-guides/best-trail-bikes/&sa=U&ved=2ahUKEwi4mc7Fl8GCAxWMc94KHfhVD-4Qr4kDegQIARAC&usg=AOvVaw1vIO2OeHi7VTP6KvXPJAER
https://encrypted-tbn0.gstatic.com/images?q=tbn:ANd9GcQVIOzVrdOicz6sHdCwSUBPXRPVs71E81jQt74-nm5Es4asejVgJLQslgAXWgc&s,16 Best Bike Trails Around...   www.bookmundi.com,https://www.google.com/url?q=https://www.bookmundi.com/ng/best-bike-trails-around-the-world&sa=U&ved=2ahUKEwi4mc7Fl8GCAxWMc94KHfhVD-4Qr4kDegQIEhAC&usg=AOvVaw2bwV1TO00eQVPje9z_T3EX
https://encrypted-tbn0.gstatic.com/images?q=tbn:ANd9GcRoWkBPORr5f8WTIQ8FWv-2Tz4YUwNl4AyusITI1Z7VBjwHtD78xYFMqoyBq-I&s,The Best Trail Bike of 2020...   enduro-mtb.com,https://www.google.com/url?q=https://enduro-mtb.com/en/trail-bike-2020/&sa=U&ved=2ahUKEwi4mc7Fl8GCAxWMc94KHfhVD-4Qr4kDegQIExAC&usg=AOvVaw0Cr3A3heAsV2vToIWXNfe8
https://encrypted-tbn0.gstatic.com/images?q=tbn:ANd9GcR0njX3qsFQX6JOeO-m1LDORVZ942vMzSl-D4HvF4fqk-B2DJFC_HzSVh3hC0g&s,Mountain Bike Trails Near...   www.bicycling.com,https://www.google.com/url?q=https://www.bicycling.com/rides/g23509318/trails-near-me/&sa=U&ved=2ahUKEwi4mc7Fl8GCAxWMc94KHfhVD-4Qr4kDegQIDRAC&usg=AOvVaw0KRHb5mNeTVWcbj1XkP7MS
https://encrypted-tbn0.gstatic.com/images?q=tbn:ANd9GcRTaW_eZvBdiYvcigvDimy42l05cNsnDMGf7lgXvekJCzJLEoqAsOYtPeOiqeI&s,The 10 Best Trail Mountain...   www.outdoorgearlab.com,https://www.google.com/url?q=https://www.outdoorgearlab.com/topics/biking/best-trail-mountain-bike&sa=U&ved=2ahUKEwi4mc7Fl8GCAxWMc94KHfhVD-4Qr4kDegQIEBAC&usg=AOvVaw1OVg__wPcAwtS912IaXcrT
https://encrypted-tbn0.gstatic.com/images?q=tbn:ANd9GcQOLk9ac9FXZl9o4rgWxWgU0acKnlbdP_Gc-sPk1Z93wzxBs66GuEV33MvCUw&s,14 Best Bike Trails to...   www.travelandleisure.com,https://www.google.com/url?q=https://www.travelandleisure.com/trip-ideas/bike-tours/best-urban-bike-paths-in-the-us&sa=U&ved=2ahUKEwi4mc7Fl8GCAxWMc94KHfhVD-4Qr4kDegQIDBAC&usg=AOvVaw0tMIgzJlWe0gIEQaUs_13n
https://encrypted-tbn0.gstatic.com/images?q=tbn:ANd9GcRoB4V0LQXQ3vfe85E-_PjWLjovnmc3KKNTQZX7FJwMScqSzPxjxnBpe8bskw&s,Our Top 10 mountain bike...   www.mountainbikeworldwide.c...,https://www.google.com/url?q=https://www.mountainbikeworldwide.com/mountain-bike-tours-worldwide/our-top-10-mountain-bike-trails-around-the-world&sa=U&ved=2ahUKEwi4mc7Fl8GCAxWMc94KHfhVD-4Qr4kDegQICxAC&usg=AOvVaw2MZIWdkG-AO1pdr3EOCmd0
https://encrypted-tbn0.gstatic.com/images?q=tbn:ANd9GcQuZdqmEYyq8bCvexwue8z-IY5CBOJwD2p8J5Yat91cLXmCi_S5hmYA4J6H8BY&s,15 Best Bike Trails in the...   www.timeout.com,https://www.google.com/url?q=https://www.timeout.com/usa/things-to-do/best-bike-trails-in-the-us&sa=U&ved=2ahUKEwi4mc7Fl8GCAxWMc94KHfhVD-4Qr4kDegQICRAC&usg=AOvVaw0XTjMHX-l8zY-yLyAG0-1a
https://encrypted-tbn0.gstatic.com/images?q=tbn:ANd9GcSgmHch8dpQyxAWiHpl0tzY1BaJjqksk84ceTH15PYAsJjw9Fx0QGhRYRwzznI&s,The best trail bike of 2022...   enduro-mtb.com,https://www.google.com/url?q=https://enduro-mtb.com/en/the-best-trail-bike-mtb-review/&sa=U&ved=2ahUKEwi4mc7Fl8GCAxWMc94KHfhVD-4Qr4kDegQIDxAC&usg=AOvVaw0LjqS3YeEf8GaTUsAxvD5K
https://encrypted-tbn0.gstatic.com/images?q=tbn:ANd9GcRGJ6X850zNj1vElMdTyTvpzutgRqvfSvtO3TKfgg8-dkB8sFjeMoFg4AnlXto&s,Best trail bikes 2023 | 23...   www.bikeradar.com,https://www.google.com/url?q=https://www.bikeradar.com/advice/buyers-guides/best-trail-bikes/&sa=U&ved=2ahUKEwi4mc7Fl8GCAxWMc94KHfhVD-4Qr4kDegQIDhAC&usg=AOvVaw0ZNsM4XVI5B3cDjTGuWHuL
https://encrypted-tbn0.gstatic.com/images?q=tbn:ANd9GcQlyRyQ7LBuA-qDlYRERc43ip3GquGIHrvoDiMsFhttO-vQqPYhta9kzb1vsGE&s,7 best bike routes in the...   www.cnn.com,https://www.google.com/url?q=https://www.cnn.com/travel/article/worlds-best-cycle-routes/index.html&sa=U&ved=2ahUKEwi4mc7Fl8GCAxWMc94KHfhVD-4Qr4kDegQIChAC&usg=AOvVaw06VaxQL5n_h1ilunN4grcu
https://encrypted-tbn0.gstatic.com/images?q=tbn:ANd9GcQRQ4JfppjHVK1oLhVV11iS9vjJiYKbyTnGTYuNOz7l53IZIFMylQFBFpDROQ&s,The best trail bike of 2022...   enduro-mtb.com,https://www.google.com/url?q=https://enduro-mtb.com/en/the-best-trail-bike-mtb-review/&sa=U&ved=2ahUKEwi4mc7Fl8GCAxWMc94KHfhVD-4Qr4kDegQIERAC&usg=AOvVaw1e_02dmPndBS7YCKIKwTJ6
https://encrypted-tbn0.gstatic.com/images?q=tbn:ANd9GcRmzYmKZ0hZDbmJGxsKUxbx8AB-yAtLj5xklDO18zcD6bzEXkxvapdWM2XDQQ&s,Best mountain bike routes:...   www.mbr.co.uk,https://www.google.com/url?q=https://www.mbr.co.uk/news/best-mountain-bike-routes-322684&sa=U&ved=2ahUKEwi4mc7Fl8GCAxWMc94KHfhVD-4Qr4kDegQICBAC&usg=AOvVaw22qRmuu30lLxUu8WP0h_YV
https://encrypted-tbn0.gstatic.com/images?q=tbn:ANd9GcRjF2sLfGkxudIW-BQAtrXVK7vtkKMQR89Npr4r2tH6mdlroWgyWrKs2Dvyr4o&s,Our Top 10 mountain bike...   www.mountainbikeworldwide.c...,https://www.google.com/url?q=https://www.mountainbikeworldwide.com/mountain-bike-tours-worldwide/our-top-10-mountain-bike-trails-around-the-world&sa=U&ved=2ahUKEwi4mc7Fl8GCAxWMc94KHfhVD-4Qr4kDegQIAhAC&usg=AOvVaw1kvFtjbeHsTxd9ABlh3qEy
https://encrypted-tbn0.gstatic.com/images?q=tbn:ANd9GcTdkAck4OxfgV9Au-Aa2EII1fo-CxTo7ftr9fAM6jSpJAOsf9kOameH2l8bCQ&s,Tested: 5 of the Best New...   www.outsideonline.com,https://www.google.com/url?q=https://www.outsideonline.com/outdoor-gear/bikes-and-biking/5-new-trail-mountain-bikes-2023-best/&sa=U&ved=2ahUKEwi4mc7Fl8GCAxWMc94KHfhVD-4Qr4kDegQIAxAC&usg=AOvVaw0lth6oFkHQDYn3xIdm79Lx
https://encrypted-tbn0.gstatic.com/images?q=tbn:ANd9GcRs0VHjKVpWx2xyKoqPJ440GpciDlMstMQnlx8uD7ojY-QMH51VCqmy-ojEIao&s,20 of the Most Adventurous...   www.muchbetteradventures.co...,https://www.google.com/url?q=https://www.muchbetteradventures.com/magazine/best-cycling-routes-in-europe-20-of-the-most-adventurous-bike-routes/&sa=U&ved=2ahUKEwi4mc7Fl8GCAxWMc94KHfhVD-4Qr4kDegQIBhAC&usg=AOvVaw0_PkA1Yb-HyH0bci_HnjE1
https://encrypted-tbn0.gstatic.com/images?q=tbn:ANd9GcTq6yZBlunAdkqMuWC1J8aGHc2D1p-4KONU3_5sdOsw0enrbsuaCEfPwBgExMk&s,18 Best Bike Trails in the...   outdooradventuresampler.com...,https://www.google.com/url?q=https://outdooradventuresampler.com/18-best-bike-trails-in-the-united-states/&sa=U&ved=2ahUKEwi4mc7Fl8GCAxWMc94KHfhVD-4Qr4kDegQIBRAC&usg=AOvVaw3cz9ni_b8SuWkFgMV8Ekua
https://encrypted-tbn0.gstatic.com/images?q=tbn:ANd9GcRVeVyubALoQPfmv4Iq7V1hX5jofQHJcUVygv2zSy-Y11A2xF-NHqlEbb5dUO0&s,10 best cycling routes |...   www.cnn.com,https://www.google.com/url?q=https://www.cnn.com/travel/article/world-best-cycling-routes/index.html&sa=U&ved=2ahUKEwi4mc7Fl8GCAxWMc94KHfhVD-4Qr4kDegQIABAC&usg=AOvVaw0Qe0vAyRFYXzVbynnzhQ6T
https://encrypted-tbn0.gstatic.com/images?q=tbn:ANd9GcQNQs1WUjiaSDSqehTBDcWwdYXpznARD7Ys_1zuEsyLDyXfAhbXeyyo2RIH7IU&s,The Best Mountain Bike...   www.singletracks.com,https://www.google.com/url?q=https://www.singletracks.com/mtb-trails/the-best-mountain-bike-destinations/&sa=U&ved=2ahUKEwi4mc7Fl8GCAxWMc94KHfhVD-4Qr4kDegQIBxAC&usg=AOvVaw1177OEj8xXVpyJM3ZQiMeu
https://encrypted-tbn0.gstatic.com/images?q=tbn:ANd9GcQf7mcu_4F7uqlQxXOCppJ7ogUWPCSy1zgHwtJRO0pU220Tg1q4RkBu8DDKjBw&s,THE TEN BEST TRAIL MOUNTAIN...   mbaction.com,https://www.google.com/url?q=https://mbaction.com/2the-ten-best-trail-mountain-bikes-of-2023/&sa=U&ved=2ahUKEwi4mc7Fl8GCAxWMc94KHfhVD-4Qr4kDegQIBBAC&usg=AOvVaw2ZRYqnrwuNOVuz9T8MmG4y
