title,description,link
Amazon.fr : Smartphone,"Xiaomi Redmi Note 12S 4G LTE Smartphone, 8GB + 256GB Octa Core,6.43"" FHD+ AMOLED DotDisplay,108MP Triple Rear Camera,5000mAh Battery with 33W Fast Charging,Dual ...",https://www.amazon.fr/smartphone/s?k=smartphone
Smartphones et téléphones portables débloqués,"Samsung Galaxy A33, Téléphone mobile 5G 128Go Noir, Carte SIM non incluse, smartphone Android, Version FR. 238,54 €238,54€ Prix conseillé: 379,99 € · SAMSUNG ...",https://www.amazon.fr/Smartphones-Debloques/b?ie=UTF8&node=218193031
Smartphone : Achetez pas cher - Electro Dépôt,,https://www.electrodepot.fr/smartphone-mobilite/smartphone-telephone/smartphone.html
Tous les téléphones portables & smartphones,"Smartphone Samsung Galaxy S23 Ultra 6.8&quot; Nano SIM 5G 8 Go RAM 256 Go Noir. Comparer. Ajouté. Smartphone Samsung Galaxy S23 Ultra 6.8"" Nano SIM 5G 8 Go RAM ...",https://www.fnac.com/Tous-les-telephones-portables-et-smartphones/Tous-les-telephones/nsh130385/w-4
Smartphone - Retrait 1h en Magasin,Smartphone au meilleur rapport qualité/prix ! Livraison Offerte* - Retrait 1h en Magasin* - Retrait Drive* - Garantie 2 ans* - SAV 7j/7.,https://www.boulanger.com/c/smartphone-telephone-portable
Comparatif / 245 smartphones ☆ testés Novembre 2023,"il y a 7 jours — Peu à peu, le smartphone est passé de mobile intelligent à véritable centre nomade de nos vies numériques. Parce qu'il est décliné en ...",https://www.lesnumeriques.com/telephone-portable/comparatif-smartphones-telephones-portables-a407.html
"Smartphones - Actualités, tests et guides d'achat sur les ...",Quel est le meilleur smartphone Samsung Galaxy à acheter en 2023 ?,https://www.frandroid.com/produits-android/smartphone
"Smartphone : Samsung Galaxy, iPhone, Huawei P40","Tout l'univers de la téléphonie mobile : découvrez les dernières innovations Samsung Galaxy et les performances des derniers iPhone. Système Android ou iOS, ...",https://www.rueducommerce.fr/vitrine/smartphone
Smartphone reconditionné,"Caractéristiques techniques de l'iPhone 13, iPhone 13 mini, iPhone 13 Pro et iPhone Pro Max. Apple a dévoilé le nouvel iPhone 13 et nous sommes naturellement ...",https://www.backmarket.fr/fr-fr/l/smartphones/6c290010-c0c2-47a4-b68a-ac2ec2b64dca
