title,link,summary,source_title,source_href
"Asia Markets Mixed, Europe Up, Crude Oil Trades At $77 - Global Markets Today While US Was Sleeping - Yahoo Finance",https://news.google.com/rss/articles/CBMiTWh0dHBzOi8vZmluYW5jZS55YWhvby5jb20vbmV3cy9hc2lhLW1hcmtldHMtbWl4ZWQtZXVyb3BlLWNydWRlLTE0MDI0MTI1MC5odG1s0gFVaHR0cHM6Ly9maW5hbmNlLnlhaG9vLmNvbS9hbXBodG1sL25ld3MvYXNpYS1tYXJrZXRzLW1peGVkLWV1cm9wZS1jcnVkZS0xNDAyNDEyNTAuaHRtbA?oc=5,"<a href=""https://news.google.com/rss/articles/CBMiTWh0dHBzOi8vZmluYW5jZS55YWhvby5jb20vbmV3cy9hc2lhLW1hcmtldHMtbWl4ZWQtZXVyb3BlLWNydWRlLTE0MDI0MTI1MC5odG1s0gFVaHR0cHM6Ly9maW5hbmNlLnlhaG9vLmNvbS9hbXBodG1sL25ld3MvYXNpYS1tYXJrZXRzLW1peGVkLWV1cm9wZS1jcnVkZS0xNDAyNDEyNTAuaHRtbA?oc=5"" target=""_blank"">Asia Markets Mixed, Europe Up, Crude Oil Trades At $77 - Global Markets Today While US Was Sleeping</a>&nbsp;&nbsp;<font color=""#6f6f6f"">Yahoo Finance</font>",Yahoo Finance,https://finance.yahoo.com
Capital Link's McGonegal On Global Markets Strategy - Bloomberg,https://news.google.com/rss/articles/CBMiamh0dHBzOi8vd3d3LmJsb29tYmVyZy5jb20vbmV3cy92aWRlb3MvMjAyMy0xMS0xMy9jYXBpdGFsLWxpbmstcy1tY2dvbmVnYWwtb24tZ2xvYmFsLW1hcmtldHMtc3RyYXRlZ3ktdmlkZW_SAQA?oc=5,"<a href=""https://news.google.com/rss/articles/CBMiamh0dHBzOi8vd3d3LmJsb29tYmVyZy5jb20vbmV3cy92aWRlb3MvMjAyMy0xMS0xMy9jYXBpdGFsLWxpbmstcy1tY2dvbmVnYWwtb24tZ2xvYmFsLW1hcmtldHMtc3RyYXRlZ3ktdmlkZW_SAQA?oc=5"" target=""_blank"">Capital Link's McGonegal On Global Markets Strategy</a>&nbsp;&nbsp;<font color=""#6f6f6f"">Bloomberg</font>",Bloomberg,https://www.bloomberg.com
"GLOBAL MARKETS-Stocks gain, bonds calm as Fed outlook trumps Moody's downgrade - Yahoo Finance",https://news.google.com/rss/articles/CBMiTmh0dHBzOi8vZmluYW5jZS55YWhvby5jb20vbmV3cy9nbG9iYWwtbWFya2V0cy1zdG9ja3MtZ2Fpbi1ib25kcy0wMTU1MjI5NjMuaHRtbNIBVmh0dHBzOi8vZmluYW5jZS55YWhvby5jb20vYW1waHRtbC9uZXdzL2dsb2JhbC1tYXJrZXRzLXN0b2Nrcy1nYWluLWJvbmRzLTAxNTUyMjk2My5odG1s?oc=5,"<a href=""https://news.google.com/rss/articles/CBMiTmh0dHBzOi8vZmluYW5jZS55YWhvby5jb20vbmV3cy9nbG9iYWwtbWFya2V0cy1zdG9ja3MtZ2Fpbi1ib25kcy0wMTU1MjI5NjMuaHRtbNIBVmh0dHBzOi8vZmluYW5jZS55YWhvby5jb20vYW1waHRtbC9uZXdzL2dsb2JhbC1tYXJrZXRzLXN0b2Nrcy1nYWluLWJvbmRzLTAxNTUyMjk2My5odG1s?oc=5"" target=""_blank"">GLOBAL MARKETS-Stocks gain, bonds calm as Fed outlook trumps Moody's downgrade</a>&nbsp;&nbsp;<font color=""#6f6f6f"">Yahoo Finance</font>",Yahoo Finance,https://finance.yahoo.com
"GLOBAL MARKETS-Stocks rally, dollar eases as Wall Street shrugs off Powell - Yahoo Finance",https://news.google.com/rss/articles/CBMiUGh0dHBzOi8vZmluYW5jZS55YWhvby5jb20vbmV3cy9nbG9iYWwtbWFya2V0cy1zdG9ja3MtcmFsbHktZG9sbGFyLTIxNDM0OTQzMC5odG1s0gFYaHR0cHM6Ly9maW5hbmNlLnlhaG9vLmNvbS9hbXBodG1sL25ld3MvZ2xvYmFsLW1hcmtldHMtc3RvY2tzLXJhbGx5LWRvbGxhci0yMTQzNDk0MzAuaHRtbA?oc=5,"<a href=""https://news.google.com/rss/articles/CBMiUGh0dHBzOi8vZmluYW5jZS55YWhvby5jb20vbmV3cy9nbG9iYWwtbWFya2V0cy1zdG9ja3MtcmFsbHktZG9sbGFyLTIxNDM0OTQzMC5odG1s0gFYaHR0cHM6Ly9maW5hbmNlLnlhaG9vLmNvbS9hbXBodG1sL25ld3MvZ2xvYmFsLW1hcmtldHMtc3RvY2tzLXJhbGx5LWRvbGxhci0yMTQzNDk0MzAuaHRtbA?oc=5"" target=""_blank"">GLOBAL MARKETS-Stocks rally, dollar eases as Wall Street shrugs off Powell</a>&nbsp;&nbsp;<font color=""#6f6f6f"">Yahoo Finance</font>",Yahoo Finance,https://finance.yahoo.com
"GLOBAL MARKETS-Stocks, yields fall as Fed's Powell quells rate peak bets - Yahoo Finance",https://news.google.com/rss/articles/CBMiT2h0dHBzOi8vZmluYW5jZS55YWhvby5jb20vbmV3cy9nbG9iYWwtbWFya2V0cy1zdG9ja3MteWllbGRzLWZhbGwtMTYzNTI3NTg2Lmh0bWzSAVdodHRwczovL2ZpbmFuY2UueWFob28uY29tL2FtcGh0bWwvbmV3cy9nbG9iYWwtbWFya2V0cy1zdG9ja3MteWllbGRzLWZhbGwtMTYzNTI3NTg2Lmh0bWw?oc=5,"<a href=""https://news.google.com/rss/articles/CBMiT2h0dHBzOi8vZmluYW5jZS55YWhvby5jb20vbmV3cy9nbG9iYWwtbWFya2V0cy1zdG9ja3MteWllbGRzLWZhbGwtMTYzNTI3NTg2Lmh0bWzSAVdodHRwczovL2ZpbmFuY2UueWFob28uY29tL2FtcGh0bWwvbmV3cy9nbG9iYWwtbWFya2V0cy1zdG9ja3MteWllbGRzLWZhbGwtMTYzNTI3NTg2Lmh0bWw?oc=5"" target=""_blank"">GLOBAL MARKETS-Stocks, yields fall as Fed's Powell quells rate peak bets</a>&nbsp;&nbsp;<font color=""#6f6f6f"">Yahoo Finance</font>",Yahoo Finance,https://finance.yahoo.com
GLOBAL MARKETS-European stocks climb as yen slumps to one-year low - Yahoo Finance,https://news.google.com/rss/articles/CBMiUmh0dHBzOi8vZmluYW5jZS55YWhvby5jb20vbmV3cy9nbG9iYWwtbWFya2V0cy1ldXJvcGVhbi1zdG9ja3MtY2xpbWItMTAxMzMyMjk0Lmh0bWzSAVpodHRwczovL2ZpbmFuY2UueWFob28uY29tL2FtcGh0bWwvbmV3cy9nbG9iYWwtbWFya2V0cy1ldXJvcGVhbi1zdG9ja3MtY2xpbWItMTAxMzMyMjk0Lmh0bWw?oc=5,"<a href=""https://news.google.com/rss/articles/CBMiUmh0dHBzOi8vZmluYW5jZS55YWhvby5jb20vbmV3cy9nbG9iYWwtbWFya2V0cy1ldXJvcGVhbi1zdG9ja3MtY2xpbWItMTAxMzMyMjk0Lmh0bWzSAVpodHRwczovL2ZpbmFuY2UueWFob28uY29tL2FtcGh0bWwvbmV3cy9nbG9iYWwtbWFya2V0cy1ldXJvcGVhbi1zdG9ja3MtY2xpbWItMTAxMzMyMjk0Lmh0bWw?oc=5"" target=""_blank"">GLOBAL MARKETS-European stocks climb as yen slumps to one-year low</a>&nbsp;&nbsp;<font color=""#6f6f6f"">Yahoo Finance</font>",Yahoo Finance,https://finance.yahoo.com
"Dollar gains, global shares pare losses as Fed speakers talk policy - Reuters.com",https://news.google.com/rss/articles/CBMiQ2h0dHBzOi8vd3d3LnJldXRlcnMuY29tL21hcmtldHMvZ2xvYmFsLW1hcmtldHMtd3JhcHVwLTEtMjAyMy0xMS0wNy_SAQA?oc=5,"<a href=""https://news.google.com/rss/articles/CBMiQ2h0dHBzOi8vd3d3LnJldXRlcnMuY29tL21hcmtldHMvZ2xvYmFsLW1hcmtldHMtd3JhcHVwLTEtMjAyMy0xMS0wNy_SAQA?oc=5"" target=""_blank"">Dollar gains, global shares pare losses as Fed speakers talk policy</a>&nbsp;&nbsp;<font color=""#6f6f6f"">Reuters.com</font>",Reuters.com,https://www.reuters.com
"The escalating Israel-Hamas conflict raises risks of global market contagion, economist says - CNBC",https://news.google.com/rss/articles/CBMiamh0dHBzOi8vd3d3LmNuYmMuY29tLzIwMjMvMTAvMzAvaXNyYWVsLWhhbWFzLXdhci1wb3Nlcy1yaXNrLW9mLWdsb2JhbC1tYXJrZXQtY29udGFnaW9uLWVjb25vbWlzdC1zYXlzLmh0bWzSAW5odHRwczovL3d3dy5jbmJjLmNvbS9hbXAvMjAyMy8xMC8zMC9pc3JhZWwtaGFtYXMtd2FyLXBvc2VzLXJpc2stb2YtZ2xvYmFsLW1hcmtldC1jb250YWdpb24tZWNvbm9taXN0LXNheXMuaHRtbA?oc=5,"<a href=""https://news.google.com/rss/articles/CBMiamh0dHBzOi8vd3d3LmNuYmMuY29tLzIwMjMvMTAvMzAvaXNyYWVsLWhhbWFzLXdhci1wb3Nlcy1yaXNrLW9mLWdsb2JhbC1tYXJrZXQtY29udGFnaW9uLWVjb25vbWlzdC1zYXlzLmh0bWzSAW5odHRwczovL3d3dy5jbmJjLmNvbS9hbXAvMjAyMy8xMC8zMC9pc3JhZWwtaGFtYXMtd2FyLXBvc2VzLXJpc2stb2YtZ2xvYmFsLW1hcmtldC1jb250YWdpb24tZWNvbm9taXN0LXNheXMuaHRtbA?oc=5"" target=""_blank"">The escalating Israel-Hamas conflict raises risks of global market contagion, economist says</a>&nbsp;&nbsp;<font color=""#6f6f6f"">CNBC</font>",CNBC,https://www.cnbc.com
The $109 Trillion Global Stock Market in One Chart - Visual Capitalist,https://news.google.com/rss/articles/CBMiU2h0dHBzOi8vd3d3LnZpc3VhbGNhcGl0YWxpc3QuY29tL3RoZS0xMDktdHJpbGxpb24tZ2xvYmFsLXN0b2NrLW1hcmtldC1pbi1vbmUtY2hhcnQv0gEA?oc=5,"<a href=""https://news.google.com/rss/articles/CBMiU2h0dHBzOi8vd3d3LnZpc3VhbGNhcGl0YWxpc3QuY29tL3RoZS0xMDktdHJpbGxpb24tZ2xvYmFsLXN0b2NrLW1hcmtldC1pbi1vbmUtY2hhcnQv0gEA?oc=5"" target=""_blank"">The $109 Trillion Global Stock Market in One Chart</a>&nbsp;&nbsp;<font color=""#6f6f6f"">Visual Capitalist</font>",Visual Capitalist,https://www.visualcapitalist.com
Shift In U.S. Policy On Iran Oil Could Swing Global Markets - OilPrice.com,https://news.google.com/rss/articles/CBMiZGh0dHBzOi8vb2lscHJpY2UuY29tL0VuZXJneS9DcnVkZS1PaWwvU2hpZnQtSW4tVVMtUG9saWN5LU9uLUlyYW4tT2lsLUNvdWxkLVN3aW5nLUdsb2JhbC1NYXJrZXRzLmh0bWzSAWhodHRwczovL29pbHByaWNlLmNvbS9FbmVyZ3kvQ3J1ZGUtT2lsL1NoaWZ0LUluLVVTLVBvbGljeS1Pbi1JcmFuLU9pbC1Db3VsZC1Td2luZy1HbG9iYWwtTWFya2V0cy5hbXAuaHRtbA?oc=5,"<a href=""https://news.google.com/rss/articles/CBMiZGh0dHBzOi8vb2lscHJpY2UuY29tL0VuZXJneS9DcnVkZS1PaWwvU2hpZnQtSW4tVVMtUG9saWN5LU9uLUlyYW4tT2lsLUNvdWxkLVN3aW5nLUdsb2JhbC1NYXJrZXRzLmh0bWzSAWhodHRwczovL29pbHByaWNlLmNvbS9FbmVyZ3kvQ3J1ZGUtT2lsL1NoaWZ0LUluLVVTLVBvbGljeS1Pbi1JcmFuLU9pbC1Db3VsZC1Td2luZy1HbG9iYWwtTWFya2V0cy5hbXAuaHRtbA?oc=5"" target=""_blank"">Shift In U.S. Policy On Iran Oil Could Swing Global Markets</a>&nbsp;&nbsp;<font color=""#6f6f6f"">OilPrice.com</font>",OilPrice.com,https://oilprice.com
Global Markets Outlook 2024: Towards a Better Balance - goldmansachs.com,https://news.google.com/rss/articles/CBMiaWh0dHBzOi8vd3d3LmdvbGRtYW5zYWNocy5jb20vaW50ZWxsaWdlbmNlL3BhZ2VzL2dsb2JhbC1tYXJrZXRzLW91dGxvb2stMjAyNC10b3dhcmRzLWEtYmV0dGVyLWJhbGFuY2UuaHRtbNIBAA?oc=5,"<a href=""https://news.google.com/rss/articles/CBMiaWh0dHBzOi8vd3d3LmdvbGRtYW5zYWNocy5jb20vaW50ZWxsaWdlbmNlL3BhZ2VzL2dsb2JhbC1tYXJrZXRzLW91dGxvb2stMjAyNC10b3dhcmRzLWEtYmV0dGVyLWJhbGFuY2UuaHRtbNIBAA?oc=5"" target=""_blank"">Global Markets Outlook 2024: Towards a Better Balance</a>&nbsp;&nbsp;<font color=""#6f6f6f"">goldmansachs.com</font>",goldmansachs.com,https://www.goldmansachs.com
"GLOBAL MARKETS-Global stocks flatline as inflation, rate worries ... - Yahoo Finance",https://news.google.com/rss/articles/CBMiU2h0dHBzOi8vZmluYW5jZS55YWhvby5jb20vbmV3cy9nbG9iYWwtbWFya2V0cy1nbG9iYWwtc3RvY2tzLWZsYXRsaW5lLTEyNTgzOTY3OC5odG1s0gEA?oc=5,"<a href=""https://news.google.com/rss/articles/CBMiU2h0dHBzOi8vZmluYW5jZS55YWhvby5jb20vbmV3cy9nbG9iYWwtbWFya2V0cy1nbG9iYWwtc3RvY2tzLWZsYXRsaW5lLTEyNTgzOTY3OC5odG1s0gEA?oc=5"" target=""_blank"">GLOBAL MARKETS-Global stocks flatline as inflation, rate worries ...</a>&nbsp;&nbsp;<font color=""#6f6f6f"">Yahoo Finance</font>",Yahoo Finance,https://finance.yahoo.com
GLOBAL MARKETS-Asian shares rise as S&P 500 records longest ... - Nasdaq,https://news.google.com/rss/articles/CBMicmh0dHBzOi8vd3d3Lm5hc2RhcS5jb20vYXJ0aWNsZXMvZ2xvYmFsLW1hcmtldHMtYXNpYW4tc2hhcmVzLXJpc2UtYXMtc3AtNTAwLXJlY29yZHMtbG9uZ2VzdC13aW4tc3RyZWFrLWluLXR3by15ZWFyc9IBAA?oc=5,"<a href=""https://news.google.com/rss/articles/CBMicmh0dHBzOi8vd3d3Lm5hc2RhcS5jb20vYXJ0aWNsZXMvZ2xvYmFsLW1hcmtldHMtYXNpYW4tc2hhcmVzLXJpc2UtYXMtc3AtNTAwLXJlY29yZHMtbG9uZ2VzdC13aW4tc3RyZWFrLWluLXR3by15ZWFyc9IBAA?oc=5"" target=""_blank"">GLOBAL MARKETS-Asian shares rise as S&amp;P 500 records longest ...</a>&nbsp;&nbsp;<font color=""#6f6f6f"">Nasdaq</font>",Nasdaq,https://www.nasdaq.com
Q3 2023 Global Markets Review & Outlook | Insights - Fisher Investments,https://news.google.com/rss/articles/CBMicWh0dHBzOi8vd3d3LmZpc2hlcmludmVzdG1lbnRzLmNvbS9lbi11cy9pbnNpZ2h0cy9pbnN0aXR1dGlvbmFsLWludmVzdGluZy9nbG9iYWwtbWFya2V0LW91dGxvb2stYW5kLXJldmlldy1xMy0yMDIz0gEA?oc=5,"<a href=""https://news.google.com/rss/articles/CBMicWh0dHBzOi8vd3d3LmZpc2hlcmludmVzdG1lbnRzLmNvbS9lbi11cy9pbnNpZ2h0cy9pbnN0aXR1dGlvbmFsLWludmVzdGluZy9nbG9iYWwtbWFya2V0LW91dGxvb2stYW5kLXJldmlldy1xMy0yMDIz0gEA?oc=5"" target=""_blank"">Q3 2023 Global Markets Review & Outlook | Insights</a>&nbsp;&nbsp;<font color=""#6f6f6f"">Fisher Investments</font>",Fisher Investments,https://www.fisherinvestments.com
GLOBAL MARKETS-Higher US yields hurt Asia equities; yen hits one-year low - Yahoo Finance,https://news.google.com/rss/articles/CBMiTWh0dHBzOi8vZmluYW5jZS55YWhvby5jb20vbmV3cy9nbG9iYWwtbWFya2V0cy1oaWdoZXItdXMteWllbGRzLTA2MjExMjYyMC5odG1s0gFVaHR0cHM6Ly9maW5hbmNlLnlhaG9vLmNvbS9hbXBodG1sL25ld3MvZ2xvYmFsLW1hcmtldHMtaGlnaGVyLXVzLXlpZWxkcy0wNjIxMTI2MjAuaHRtbA?oc=5,"<a href=""https://news.google.com/rss/articles/CBMiTWh0dHBzOi8vZmluYW5jZS55YWhvby5jb20vbmV3cy9nbG9iYWwtbWFya2V0cy1oaWdoZXItdXMteWllbGRzLTA2MjExMjYyMC5odG1s0gFVaHR0cHM6Ly9maW5hbmNlLnlhaG9vLmNvbS9hbXBodG1sL25ld3MvZ2xvYmFsLW1hcmtldHMtaGlnaGVyLXVzLXlpZWxkcy0wNjIxMTI2MjAuaHRtbA?oc=5"" target=""_blank"">GLOBAL MARKETS-Higher US yields hurt Asia equities; yen hits one-year low</a>&nbsp;&nbsp;<font color=""#6f6f6f"">Yahoo Finance</font>",Yahoo Finance,https://finance.yahoo.com
"GLOBAL MARKETS-Stocks gain, bonds calm as Fed outlook trumps ... - Nasdaq",https://news.google.com/rss/articles/CBMibGh0dHBzOi8vd3d3Lm5hc2RhcS5jb20vYXJ0aWNsZXMvZ2xvYmFsLW1hcmtldHMtc3RvY2tzLWdhaW4tYm9uZHMtY2FsbS1hcy1mZWQtb3V0bG9vay10cnVtcHMtbW9vZHlzLWRvd25ncmFkZdIBAA?oc=5,"<a href=""https://news.google.com/rss/articles/CBMibGh0dHBzOi8vd3d3Lm5hc2RhcS5jb20vYXJ0aWNsZXMvZ2xvYmFsLW1hcmtldHMtc3RvY2tzLWdhaW4tYm9uZHMtY2FsbS1hcy1mZWQtb3V0bG9vay10cnVtcHMtbW9vZHlzLWRvd25ncmFkZdIBAA?oc=5"" target=""_blank"">GLOBAL MARKETS-Stocks gain, bonds calm as Fed outlook trumps ...</a>&nbsp;&nbsp;<font color=""#6f6f6f"">Nasdaq</font>",Nasdaq,https://www.nasdaq.com
Global Used Cooking Oil Market Report: North America Leads UCO ... - Yahoo Finance,https://news.google.com/rss/articles/CBMiTGh0dHBzOi8vZmluYW5jZS55YWhvby5jb20vbmV3cy9nbG9iYWwtdXNlZC1jb29raW5nLW9pbC1tYXJrZXQtMTIzMzAwMjQ5Lmh0bWzSAQA?oc=5,"<a href=""https://news.google.com/rss/articles/CBMiTGh0dHBzOi8vZmluYW5jZS55YWhvby5jb20vbmV3cy9nbG9iYWwtdXNlZC1jb29raW5nLW9pbC1tYXJrZXQtMTIzMzAwMjQ5Lmh0bWzSAQA?oc=5"" target=""_blank"">Global Used Cooking Oil Market Report: North America Leads UCO ...</a>&nbsp;&nbsp;<font color=""#6f6f6f"">Yahoo Finance</font>",Yahoo Finance,https://finance.yahoo.com
Global HIV Diagnostics and Therapeutics Markets Report 2023 ... - Business Wire,https://news.google.com/rss/articles/CBMi7gFodHRwczovL3d3dy5idXNpbmVzc3dpcmUuY29tL25ld3MvaG9tZS8yMDIzMTExMzkwMjE5My9lbi9HbG9iYWwtSElWLURpYWdub3N0aWNzLWFuZC1UaGVyYXBldXRpY3MtTWFya2V0cy1SZXBvcnQtMjAyMy0yMDI4LXdpdGgtQ29tcGV0aXRpdmUtQW5hbHlzaXMtb2YtTWVkdHJvbmljLUFiYm90dC1TYW5vZmktUm9jaGUtQmlvLVJhZC1MYWJvcmF0b3JpZXMtYW5kLURhbmFoZXItLS1SZXNlYXJjaEFuZE1hcmtldHMuY29t0gEA?oc=5,"<a href=""https://news.google.com/rss/articles/CBMi7gFodHRwczovL3d3dy5idXNpbmVzc3dpcmUuY29tL25ld3MvaG9tZS8yMDIzMTExMzkwMjE5My9lbi9HbG9iYWwtSElWLURpYWdub3N0aWNzLWFuZC1UaGVyYXBldXRpY3MtTWFya2V0cy1SZXBvcnQtMjAyMy0yMDI4LXdpdGgtQ29tcGV0aXRpdmUtQW5hbHlzaXMtb2YtTWVkdHJvbmljLUFiYm90dC1TYW5vZmktUm9jaGUtQmlvLVJhZC1MYWJvcmF0b3JpZXMtYW5kLURhbmFoZXItLS1SZXNlYXJjaEFuZE1hcmtldHMuY29t0gEA?oc=5"" target=""_blank"">Global HIV Diagnostics and Therapeutics Markets Report 2023 ...</a>&nbsp;&nbsp;<font color=""#6f6f6f"">Business Wire</font>",Business Wire,https://www.businesswire.com
Morning Bid: Sidestepping Moody's rating twist - Reuters,https://news.google.com/rss/articles/CBMiQ2h0dHBzOi8vd3d3LnJldXRlcnMuY29tL21hcmtldHMvZ2xvYmFsLW1hcmtldHMtdmlldy11c2EtMjAyMy0xMS0xMy_SAQA?oc=5,"<a href=""https://news.google.com/rss/articles/CBMiQ2h0dHBzOi8vd3d3LnJldXRlcnMuY29tL21hcmtldHMvZ2xvYmFsLW1hcmtldHMtdmlldy11c2EtMjAyMy0xMS0xMy_SAQA?oc=5"" target=""_blank"">Morning Bid: Sidestepping Moody's rating twist</a>&nbsp;&nbsp;<font color=""#6f6f6f"">Reuters</font>",Reuters,https://www.reuters.com
Capital Markets Event 2023 - Diageo,https://news.google.com/rss/articles/CBMiPmh0dHBzOi8vd3d3LmRpYWdlby5jb20vZW4vaW52ZXN0b3JzL2NhcGl0YWwtbWFya2V0cy1ldmVudC0yMDIz0gEA?oc=5,"<a href=""https://news.google.com/rss/articles/CBMiPmh0dHBzOi8vd3d3LmRpYWdlby5jb20vZW4vaW52ZXN0b3JzL2NhcGl0YWwtbWFya2V0cy1ldmVudC0yMDIz0gEA?oc=5"" target=""_blank"">Capital Markets Event 2023</a>&nbsp;&nbsp;<font color=""#6f6f6f"">Diageo</font>",Diageo,https://www.diageo.com
Troutman Pepper is Top U.S.-Based Firm in Multiple Capital Markets ... - Troutman Pepper,https://news.google.com/rss/articles/CBMijQFodHRwczovL3d3dy50cm91dG1hbi5jb20vaW5zaWdodHMvdHJvdXRtYW4tcGVwcGVyLWlzLXRvcC11cy1iYXNlZC1maXJtLWluLW11bHRpcGxlLWNhcGl0YWwtbWFya2V0cy1sZWFndWUtdGFibGUtcmFua2luZ3MtdGhyb3VnaC1xMy0yMDIzLmh0bWzSAQA?oc=5,"<a href=""https://news.google.com/rss/articles/CBMijQFodHRwczovL3d3dy50cm91dG1hbi5jb20vaW5zaWdodHMvdHJvdXRtYW4tcGVwcGVyLWlzLXRvcC11cy1iYXNlZC1maXJtLWluLW11bHRpcGxlLWNhcGl0YWwtbWFya2V0cy1sZWFndWUtdGFibGUtcmFua2luZ3MtdGhyb3VnaC1xMy0yMDIzLmh0bWzSAQA?oc=5"" target=""_blank"">Troutman Pepper is Top U.S.-Based Firm in Multiple Capital Markets ...</a>&nbsp;&nbsp;<font color=""#6f6f6f"">Troutman Pepper</font>",Troutman Pepper,https://www.troutman.com
"Global Microbial Products Markets, Technology and Applications ... - Business Wire",https://news.google.com/rss/articles/CBMi6AFodHRwczovL3d3dy5idXNpbmVzc3dpcmUuY29tL25ld3MvaG9tZS8yMDIzMTExMzA5NDIxMS9lbi9HbG9iYWwtTWljcm9iaWFsLVByb2R1Y3RzLU1hcmtldHMtVGVjaG5vbG9neS1hbmQtQXBwbGljYXRpb25zLVJlcG9ydC0yMDIzLU1hcmtldC1UcmVuZHMtMjAxOS0yMDIxLUVzdGltYXRlcy1mb3ItMjAyMi1hbmQtQ0FHUi1Qcm9qZWN0aW9ucy10aHJvdWdoLTIwMjctLS1SZXNlYXJjaEFuZE1hcmtldHMuY29t0gEA?oc=5,"<a href=""https://news.google.com/rss/articles/CBMi6AFodHRwczovL3d3dy5idXNpbmVzc3dpcmUuY29tL25ld3MvaG9tZS8yMDIzMTExMzA5NDIxMS9lbi9HbG9iYWwtTWljcm9iaWFsLVByb2R1Y3RzLU1hcmtldHMtVGVjaG5vbG9neS1hbmQtQXBwbGljYXRpb25zLVJlcG9ydC0yMDIzLU1hcmtldC1UcmVuZHMtMjAxOS0yMDIxLUVzdGltYXRlcy1mb3ItMjAyMi1hbmQtQ0FHUi1Qcm9qZWN0aW9ucy10aHJvdWdoLTIwMjctLS1SZXNlYXJjaEFuZE1hcmtldHMuY29t0gEA?oc=5"" target=""_blank"">Global Microbial Products Markets, Technology and Applications ...</a>&nbsp;&nbsp;<font color=""#6f6f6f"">Business Wire</font>",Business Wire,https://www.businesswire.com
"GLOBAL MARKETS-Stocks rally, dollar eases as Wall Street shrugs ... - Nasdaq",https://news.google.com/rss/articles/CBMia2h0dHBzOi8vd3d3Lm5hc2RhcS5jb20vYXJ0aWNsZXMvZ2xvYmFsLW1hcmtldHMtc3RvY2tzLXJhbGx5LWRvbGxhci1lYXNlcy1hcy13YWxsLXN0cmVldC1zaHJ1Z3Mtb2ZmLXBvd2VsbC0w0gEA?oc=5,"<a href=""https://news.google.com/rss/articles/CBMia2h0dHBzOi8vd3d3Lm5hc2RhcS5jb20vYXJ0aWNsZXMvZ2xvYmFsLW1hcmtldHMtc3RvY2tzLXJhbGx5LWRvbGxhci1lYXNlcy1hcy13YWxsLXN0cmVldC1zaHJ1Z3Mtb2ZmLXBvd2VsbC0w0gEA?oc=5"" target=""_blank"">GLOBAL MARKETS-Stocks rally, dollar eases as Wall Street shrugs ...</a>&nbsp;&nbsp;<font color=""#6f6f6f"">Nasdaq</font>",Nasdaq,https://www.nasdaq.com
Mental Health App Global Market to Grow $6.5 billion by 2028: BCC Research Analysts Forecast - Yahoo Finance,https://news.google.com/rss/articles/CBMiTWh0dHBzOi8vZmluYW5jZS55YWhvby5jb20vbmV3cy9tZW50YWwtaGVhbHRoLWFwcC1nbG9iYWwtbWFya2V0LTA5MDAwMDI0My5odG1s0gFVaHR0cHM6Ly9maW5hbmNlLnlhaG9vLmNvbS9hbXBodG1sL25ld3MvbWVudGFsLWhlYWx0aC1hcHAtZ2xvYmFsLW1hcmtldC0wOTAwMDAyNDMuaHRtbA?oc=5,"<a href=""https://news.google.com/rss/articles/CBMiTWh0dHBzOi8vZmluYW5jZS55YWhvby5jb20vbmV3cy9tZW50YWwtaGVhbHRoLWFwcC1nbG9iYWwtbWFya2V0LTA5MDAwMDI0My5odG1s0gFVaHR0cHM6Ly9maW5hbmNlLnlhaG9vLmNvbS9hbXBodG1sL25ld3MvbWVudGFsLWhlYWx0aC1hcHAtZ2xvYmFsLW1hcmtldC0wOTAwMDAyNDMuaHRtbA?oc=5"" target=""_blank"">Mental Health App Global Market to Grow $6.5 billion by 2028: BCC Research Analysts Forecast</a>&nbsp;&nbsp;<font color=""#6f6f6f"">Yahoo Finance</font>",Yahoo Finance,https://finance.yahoo.com
Commissioner Pham Announces Agenda for the Upcoming Global ... - Commodity Futures Trading Commission,https://news.google.com/rss/articles/CBMiNGh0dHBzOi8vd3d3LmNmdGMuZ292L1ByZXNzUm9vbS9QcmVzc1JlbGVhc2VzLzg4MTctMjPSAQA?oc=5,"<a href=""https://news.google.com/rss/articles/CBMiNGh0dHBzOi8vd3d3LmNmdGMuZ292L1ByZXNzUm9vbS9QcmVzc1JlbGVhc2VzLzg4MTctMjPSAQA?oc=5"" target=""_blank"">Commissioner Pham Announces Agenda for the Upcoming Global ...</a>&nbsp;&nbsp;<font color=""#6f6f6f"">Commodity Futures Trading Commission</font>",Commodity Futures Trading Commission,https://www.cftc.gov
Cboe Digital to Launch Margined Bitcoin and Ether Futures on ... - PR Newswire,https://news.google.com/rss/articles/CBMitQFodHRwczovL3d3dy5wcm5ld3N3aXJlLmNvbS9uZXdzLXJlbGVhc2VzL2Nib2UtZGlnaXRhbC10by1sYXVuY2gtbWFyZ2luZWQtYml0Y29pbi1hbmQtZXRoZXItZnV0dXJlcy1vbi1qYW51YXJ5LTExLTIwMjQtYmFja2VkLWJ5LWNyeXB0by1hbmQtdHJhZGl0aW9uYWwtZmluYW5jZS1wbGF5ZXJzLTMwMTk4NjA4Ni5odG1s0gEA?oc=5,"<a href=""https://news.google.com/rss/articles/CBMitQFodHRwczovL3d3dy5wcm5ld3N3aXJlLmNvbS9uZXdzLXJlbGVhc2VzL2Nib2UtZGlnaXRhbC10by1sYXVuY2gtbWFyZ2luZWQtYml0Y29pbi1hbmQtZXRoZXItZnV0dXJlcy1vbi1qYW51YXJ5LTExLTIwMjQtYmFja2VkLWJ5LWNyeXB0by1hbmQtdHJhZGl0aW9uYWwtZmluYW5jZS1wbGF5ZXJzLTMwMTk4NjA4Ni5odG1s0gEA?oc=5"" target=""_blank"">Cboe Digital to Launch Margined Bitcoin and Ether Futures on ...</a>&nbsp;&nbsp;<font color=""#6f6f6f"">PR Newswire</font>",PR Newswire,https://www.prnewswire.com
"Daily Update: November 13, 2023 - S&P Global",https://news.google.com/rss/articles/CBMiVGh0dHBzOi8vd3d3LnNwZ2xvYmFsLmNvbS9lbi9yZXNlYXJjaC1pbnNpZ2h0cy9hcnRpY2xlcy9kYWlseS11cGRhdGUtbm92ZW1iZXItMTMtMjAyM9IBAA?oc=5,"<a href=""https://news.google.com/rss/articles/CBMiVGh0dHBzOi8vd3d3LnNwZ2xvYmFsLmNvbS9lbi9yZXNlYXJjaC1pbnNpZ2h0cy9hcnRpY2xlcy9kYWlseS11cGRhdGUtbm92ZW1iZXItMTMtMjAyM9IBAA?oc=5"" target=""_blank"">Daily Update: November 13, 2023</a>&nbsp;&nbsp;<font color=""#6f6f6f"">S&amp;P Global</font>",S&P Global,https://www.spglobal.com
Why US Property Retains Its Value Compared to Other Global Markets - CoreLogic,https://news.google.com/rss/articles/CBMiamh0dHBzOi8vd3d3LmNvcmVsb2dpYy5jb20vaW50ZWxsaWdlbmNlL3doeS11cy1wcm9wZXJ0eS1yZXRhaW5zLWl0cy12YWx1ZS1jb21wYXJlZC10by1vdGhlci1nbG9iYWwtbWFya2V0cy_SAQA?oc=5,"<a href=""https://news.google.com/rss/articles/CBMiamh0dHBzOi8vd3d3LmNvcmVsb2dpYy5jb20vaW50ZWxsaWdlbmNlL3doeS11cy1wcm9wZXJ0eS1yZXRhaW5zLWl0cy12YWx1ZS1jb21wYXJlZC10by1vdGhlci1nbG9iYWwtbWFya2V0cy_SAQA?oc=5"" target=""_blank"">Why US Property Retains Its Value Compared to Other Global Markets</a>&nbsp;&nbsp;<font color=""#6f6f6f"">CoreLogic</font>",CoreLogic,https://www.corelogic.com
GLOBAL MARKETS-Stocks slip as market seeks rate-cut timing ... - Nasdaq,https://news.google.com/rss/articles/CBMiaWh0dHBzOi8vd3d3Lm5hc2RhcS5jb20vYXJ0aWNsZXMvZ2xvYmFsLW1hcmtldHMtc3RvY2tzLXNsaXAtYXMtbWFya2V0LXNlZWtzLXJhdGUtY3V0LXRpbWluZy1kb2xsYXItZ2FpbnMtMNIBAA?oc=5,"<a href=""https://news.google.com/rss/articles/CBMiaWh0dHBzOi8vd3d3Lm5hc2RhcS5jb20vYXJ0aWNsZXMvZ2xvYmFsLW1hcmtldHMtc3RvY2tzLXNsaXAtYXMtbWFya2V0LXNlZWtzLXJhdGUtY3V0LXRpbWluZy1kb2xsYXItZ2FpbnMtMNIBAA?oc=5"" target=""_blank"">GLOBAL MARKETS-Stocks slip as market seeks rate-cut timing ...</a>&nbsp;&nbsp;<font color=""#6f6f6f"">Nasdaq</font>",Nasdaq,https://www.nasdaq.com
International Trade Administration: Global Markets Employee Focus ... - Government Accountability Office,https://news.google.com/rss/articles/CBMiKmh0dHBzOi8vd3d3Lmdhby5nb3YvcHJvZHVjdHMvZ2FvLTI0LTEwNjc0N9IBAA?oc=5,"<a href=""https://news.google.com/rss/articles/CBMiKmh0dHBzOi8vd3d3Lmdhby5nb3YvcHJvZHVjdHMvZ2FvLTI0LTEwNjc0N9IBAA?oc=5"" target=""_blank"">International Trade Administration: Global Markets Employee Focus ...</a>&nbsp;&nbsp;<font color=""#6f6f6f"">Government Accountability Office</font>",Government Accountability Office,https://www.gao.gov
Biden - Xi meeting: Global markets will be cheered by better ties - InvestorIdeas.com,https://news.google.com/rss/articles/CBMiPmh0dHBzOi8vd3d3LmludmVzdG9yaWRlYXMuY29tL25ld3MvMjAyMy9tYWluLzExMTMyQmlkZW4tWGkuYXNw0gEA?oc=5,"<a href=""https://news.google.com/rss/articles/CBMiPmh0dHBzOi8vd3d3LmludmVzdG9yaWRlYXMuY29tL25ld3MvMjAyMy9tYWluLzExMTMyQmlkZW4tWGkuYXNw0gEA?oc=5"" target=""_blank"">Biden - Xi meeting: Global markets will be cheered by better ties</a>&nbsp;&nbsp;<font color=""#6f6f6f"">InvestorIdeas.com</font>",InvestorIdeas.com,https://www.investorideas.com
Biofuels Global Markets Report 2023: Growing Demand for Sustainable Aviation Fuels - Forecasts to 2028 - Yahoo Finance,https://news.google.com/rss/articles/CBMiUWh0dHBzOi8vZmluYW5jZS55YWhvby5jb20vbmV3cy9iaW9mdWVscy1nbG9iYWwtbWFya2V0cy1yZXBvcnQtMjAyMy0xMDEzMDA1OTIuaHRtbNIBWWh0dHBzOi8vZmluYW5jZS55YWhvby5jb20vYW1waHRtbC9uZXdzL2Jpb2Z1ZWxzLWdsb2JhbC1tYXJrZXRzLXJlcG9ydC0yMDIzLTEwMTMwMDU5Mi5odG1s?oc=5,"<a href=""https://news.google.com/rss/articles/CBMiUWh0dHBzOi8vZmluYW5jZS55YWhvby5jb20vbmV3cy9iaW9mdWVscy1nbG9iYWwtbWFya2V0cy1yZXBvcnQtMjAyMy0xMDEzMDA1OTIuaHRtbNIBWWh0dHBzOi8vZmluYW5jZS55YWhvby5jb20vYW1waHRtbC9uZXdzL2Jpb2Z1ZWxzLWdsb2JhbC1tYXJrZXRzLXJlcG9ydC0yMDIzLTEwMTMwMDU5Mi5odG1s?oc=5"" target=""_blank"">Biofuels Global Markets Report 2023: Growing Demand for Sustainable Aviation Fuels - Forecasts to 2028</a>&nbsp;&nbsp;<font color=""#6f6f6f"">Yahoo Finance</font>",Yahoo Finance,https://finance.yahoo.com
"Digital Polymerase Chain Reaction (PCR) Technology Global Markets Report 2023: Market Revenue Data from 2020 to 2022, Estimates for 2023, forecasts for 2024, and CAGR Projections through 2028 - Yahoo Finance",https://news.google.com/rss/articles/CBMiU2h0dHBzOi8vZmluYW5jZS55YWhvby5jb20vbmV3cy9kaWdpdGFsLXBvbHltZXJhc2UtY2hhaW4tcmVhY3Rpb24tcGNyLTEwNDgwMDI5OC5odG1s0gFbaHR0cHM6Ly9maW5hbmNlLnlhaG9vLmNvbS9hbXBodG1sL25ld3MvZGlnaXRhbC1wb2x5bWVyYXNlLWNoYWluLXJlYWN0aW9uLXBjci0xMDQ4MDAyOTguaHRtbA?oc=5,"<a href=""https://news.google.com/rss/articles/CBMiU2h0dHBzOi8vZmluYW5jZS55YWhvby5jb20vbmV3cy9kaWdpdGFsLXBvbHltZXJhc2UtY2hhaW4tcmVhY3Rpb24tcGNyLTEwNDgwMDI5OC5odG1s0gFbaHR0cHM6Ly9maW5hbmNlLnlhaG9vLmNvbS9hbXBodG1sL25ld3MvZGlnaXRhbC1wb2x5bWVyYXNlLWNoYWluLXJlYWN0aW9uLXBjci0xMDQ4MDAyOTguaHRtbA?oc=5"" target=""_blank"">Digital Polymerase Chain Reaction (PCR) Technology Global Markets Report 2023: Market Revenue Data from 2020 to 2022, Estimates for 2023, forecasts for 2024, and CAGR Projections through 2028</a>&nbsp;&nbsp;<font color=""#6f6f6f"">Yahoo Finance</font>",Yahoo Finance,https://finance.yahoo.com
IFAD's First Sustainable Bonds Link Global Markets to Small Farmers - Mirage News,https://news.google.com/rss/articles/CBMiTWh0dHBzOi8vd3d3Lm1pcmFnZW5ld3MuY29tL2lmYWRzLWZpcnN0LXN1c3RhaW5hYmxlLWJvbmRzLWxpbmstZ2xvYmFsLTExMjIyMjIv0gEA?oc=5,"<a href=""https://news.google.com/rss/articles/CBMiTWh0dHBzOi8vd3d3Lm1pcmFnZW5ld3MuY29tL2lmYWRzLWZpcnN0LXN1c3RhaW5hYmxlLWJvbmRzLWxpbmstZ2xvYmFsLTExMjIyMjIv0gEA?oc=5"" target=""_blank"">IFAD's First Sustainable Bonds Link Global Markets to Small Farmers</a>&nbsp;&nbsp;<font color=""#6f6f6f"">Mirage News</font>",Mirage News,https://www.miragenews.com
BTIG Expands SPAC Capital Markets Coverage with Edward Kovary ... - Business Wire,https://news.google.com/rss/articles/CBMiemh0dHBzOi8vd3d3LmJ1c2luZXNzd2lyZS5jb20vbmV3cy9ob21lLzIwMjMxMTEzOTUwNzMwL2VuL0JUSUctRXhwYW5kcy1TUEFDLUNhcGl0YWwtTWFya2V0cy1Db3ZlcmFnZS13aXRoLUVkd2FyZC1Lb3ZhcnktSnIu0gEA?oc=5,"<a href=""https://news.google.com/rss/articles/CBMiemh0dHBzOi8vd3d3LmJ1c2luZXNzd2lyZS5jb20vbmV3cy9ob21lLzIwMjMxMTEzOTUwNzMwL2VuL0JUSUctRXhwYW5kcy1TUEFDLUNhcGl0YWwtTWFya2V0cy1Db3ZlcmFnZS13aXRoLUVkd2FyZC1Lb3ZhcnktSnIu0gEA?oc=5"" target=""_blank"">BTIG Expands SPAC Capital Markets Coverage with Edward Kovary ...</a>&nbsp;&nbsp;<font color=""#6f6f6f"">Business Wire</font>",Business Wire,https://www.businesswire.com
Model N Management to Present at the RBC Capital Markets Global ... - Business Wire,https://news.google.com/rss/articles/CBMisAFodHRwczovL3d3dy5idXNpbmVzc3dpcmUuY29tL25ld3MvaG9tZS8yMDIzMTExMzgxNzE0Ni9lbi9Nb2RlbC1OLU1hbmFnZW1lbnQtdG8tUHJlc2VudC1hdC10aGUtUkJDLUNhcGl0YWwtTWFya2V0cy1HbG9iYWwtVGVjaG5vbG9neS1JbnRlcm5ldC1NZWRpYS1UZWxlY29tbXVuaWNhdGlvbnMtQ29uZmVyZW5jZdIBAA?oc=5,"<a href=""https://news.google.com/rss/articles/CBMisAFodHRwczovL3d3dy5idXNpbmVzc3dpcmUuY29tL25ld3MvaG9tZS8yMDIzMTExMzgxNzE0Ni9lbi9Nb2RlbC1OLU1hbmFnZW1lbnQtdG8tUHJlc2VudC1hdC10aGUtUkJDLUNhcGl0YWwtTWFya2V0cy1HbG9iYWwtVGVjaG5vbG9neS1JbnRlcm5ldC1NZWRpYS1UZWxlY29tbXVuaWNhdGlvbnMtQ29uZmVyZW5jZdIBAA?oc=5"" target=""_blank"">Model N Management to Present at the RBC Capital Markets Global ...</a>&nbsp;&nbsp;<font color=""#6f6f6f"">Business Wire</font>",Business Wire,https://www.businesswire.com
GLOBAL MARKETS-Asian shares rise despite Chinese property slump - Nasdaq,https://news.google.com/rss/articles/CBMiX2h0dHBzOi8vd3d3Lm5hc2RhcS5jb20vYXJ0aWNsZXMvZ2xvYmFsLW1hcmtldHMtYXNpYW4tc2hhcmVzLXJpc2UtZGVzcGl0ZS1jaGluZXNlLXByb3BlcnR5LXNsdW1w0gEA?oc=5,"<a href=""https://news.google.com/rss/articles/CBMiX2h0dHBzOi8vd3d3Lm5hc2RhcS5jb20vYXJ0aWNsZXMvZ2xvYmFsLW1hcmtldHMtYXNpYW4tc2hhcmVzLXJpc2UtZGVzcGl0ZS1jaGluZXNlLXByb3BlcnR5LXNsdW1w0gEA?oc=5"" target=""_blank"">GLOBAL MARKETS-Asian shares rise despite Chinese property slump</a>&nbsp;&nbsp;<font color=""#6f6f6f"">Nasdaq</font>",Nasdaq,https://www.nasdaq.com
Global markets watch for fallout as Middle East tensions rise - Reuters.com,https://news.google.com/rss/articles/CBMiZGh0dHBzOi8vd3d3LnJldXRlcnMuY29tL21hcmtldHMvcmlwcGxlLWVmZmVjdC1zZWVuLW1hcmtldHMtZ2xvYmFsbHktbWlkZGxlLWVhc3QtY29uZmxpY3QtMjAyMy0xMC0xNS_SAQA?oc=5,"<a href=""https://news.google.com/rss/articles/CBMiZGh0dHBzOi8vd3d3LnJldXRlcnMuY29tL21hcmtldHMvcmlwcGxlLWVmZmVjdC1zZWVuLW1hcmtldHMtZ2xvYmFsbHktbWlkZGxlLWVhc3QtY29uZmxpY3QtMjAyMy0xMC0xNS_SAQA?oc=5"" target=""_blank"">Global markets watch for fallout as Middle East tensions rise</a>&nbsp;&nbsp;<font color=""#6f6f6f"">Reuters.com</font>",Reuters.com,https://www.reuters.com
Regulators check securities clearing houses in biggest ever global ... - Reuters,https://news.google.com/rss/articles/CBMif2h0dHBzOi8vd3d3LnJldXRlcnMuY29tL2J1c2luZXNzL2ZpbmFuY2UvcmVndWxhdG9ycy1jaGVjay1zZWN1cml0aWVzLWNsZWFyaW5nLWhvdXNlcy1iaWdnZXN0LWV2ZXItZ2xvYmFsLWZpcmUtZHJpbGwtMjAyMy0xMS0xMy_SAQA?oc=5,"<a href=""https://news.google.com/rss/articles/CBMif2h0dHBzOi8vd3d3LnJldXRlcnMuY29tL2J1c2luZXNzL2ZpbmFuY2UvcmVndWxhdG9ycy1jaGVjay1zZWN1cml0aWVzLWNsZWFyaW5nLWhvdXNlcy1iaWdnZXN0LWV2ZXItZ2xvYmFsLWZpcmUtZHJpbGwtMjAyMy0xMS0xMy_SAQA?oc=5"" target=""_blank"">Regulators check securities clearing houses in biggest ever global ...</a>&nbsp;&nbsp;<font color=""#6f6f6f"">Reuters</font>",Reuters,https://www.reuters.com
Transcript: The hack that halted the US Treasury market - Financial Times,https://news.google.com/rss/articles/CBMiP2h0dHBzOi8vd3d3LmZ0LmNvbS9jb250ZW50LzgzNmY5ZDg0LTA3YTgtNDBiMi1hMmUyLTY5NWFjYTc2OWI3YdIBAA?oc=5,"<a href=""https://news.google.com/rss/articles/CBMiP2h0dHBzOi8vd3d3LmZ0LmNvbS9jb250ZW50LzgzNmY5ZDg0LTA3YTgtNDBiMi1hMmUyLTY5NWFjYTc2OWI3YdIBAA?oc=5"" target=""_blank"">Transcript: The hack that halted the US Treasury market</a>&nbsp;&nbsp;<font color=""#6f6f6f"">Financial Times</font>",Financial Times,https://www.ft.com
"Single-use endoscopes global market to grow at 10 per cent CAGR, to exceed $2.5 billion by 2033: GlobalData - ETHealthWorld",https://news.google.com/rss/articles/CBMirAFodHRwczovL2hlYWx0aC5lY29ub21pY3RpbWVzLmluZGlhdGltZXMuY29tL25ld3MvaW5kdXN0cnkvc2luZ2xlLXVzZS1lbmRvc2NvcGVzLWdsb2JhbC1tYXJrZXQtdG8tZ3Jvdy1hdC0xMC1wZXItY2VudC1jYWdyLXRvLWV4Y2VlZC0yLTUtYmlsbGlvbi1ieS0yMDMzLWdsb2JhbGRhdGEvMTA1MTgwMzY40gGwAWh0dHBzOi8vaGVhbHRoLmVjb25vbWljdGltZXMuaW5kaWF0aW1lcy5jb20vYW1wL25ld3MvaW5kdXN0cnkvc2luZ2xlLXVzZS1lbmRvc2NvcGVzLWdsb2JhbC1tYXJrZXQtdG8tZ3Jvdy1hdC0xMC1wZXItY2VudC1jYWdyLXRvLWV4Y2VlZC0yLTUtYmlsbGlvbi1ieS0yMDMzLWdsb2JhbGRhdGEvMTA1MTgwMzY4?oc=5,"<a href=""https://news.google.com/rss/articles/CBMirAFodHRwczovL2hlYWx0aC5lY29ub21pY3RpbWVzLmluZGlhdGltZXMuY29tL25ld3MvaW5kdXN0cnkvc2luZ2xlLXVzZS1lbmRvc2NvcGVzLWdsb2JhbC1tYXJrZXQtdG8tZ3Jvdy1hdC0xMC1wZXItY2VudC1jYWdyLXRvLWV4Y2VlZC0yLTUtYmlsbGlvbi1ieS0yMDMzLWdsb2JhbGRhdGEvMTA1MTgwMzY40gGwAWh0dHBzOi8vaGVhbHRoLmVjb25vbWljdGltZXMuaW5kaWF0aW1lcy5jb20vYW1wL25ld3MvaW5kdXN0cnkvc2luZ2xlLXVzZS1lbmRvc2NvcGVzLWdsb2JhbC1tYXJrZXQtdG8tZ3Jvdy1hdC0xMC1wZXItY2VudC1jYWdyLXRvLWV4Y2VlZC0yLTUtYmlsbGlvbi1ieS0yMDMzLWdsb2JhbGRhdGEvMTA1MTgwMzY4?oc=5"" target=""_blank"">Single-use endoscopes global market to grow at 10 per cent CAGR, to exceed $2.5 billion by 2033: GlobalData</a>&nbsp;&nbsp;<font color=""#6f6f6f"">ETHealthWorld</font>",ETHealthWorld,https://health.economictimes.indiatimes.com
Osborne Clarke advises Singer Capital Markets on Chapel Down's ... - Osborne Clarke,https://news.google.com/rss/articles/CBMia2h0dHBzOi8vd3d3Lm9zYm9ybmVjbGFya2UuY29tL25ld3Mvb3Nib3JuZS1jbGFya2UtYWR2aXNlcy1zaW5nZXItY2FwaXRhbC1tYXJrZXRzLWNoYXBlbC1kb3ducy1hZG1pc3Npb24tYWlt0gEA?oc=5,"<a href=""https://news.google.com/rss/articles/CBMia2h0dHBzOi8vd3d3Lm9zYm9ybmVjbGFya2UuY29tL25ld3Mvb3Nib3JuZS1jbGFya2UtYWR2aXNlcy1zaW5nZXItY2FwaXRhbC1tYXJrZXRzLWNoYXBlbC1kb3ducy1hZG1pc3Npb24tYWlt0gEA?oc=5"" target=""_blank"">Osborne Clarke advises Singer Capital Markets on Chapel Down's ...</a>&nbsp;&nbsp;<font color=""#6f6f6f"">Osborne Clarke</font>",Osborne Clarke,https://www.osborneclarke.com
OPEC says oil market remains strong despite negative sentiment - Reuters.com,https://news.google.com/rss/articles/CBMidmh0dHBzOi8vd3d3LnJldXRlcnMuY29tL21hcmtldHMvY29tbW9kaXRpZXMvb3BlYy1zYXlzLW9pbC1tYXJrZXQtcmVtYWlucy1zdHJvbmctZGVzcGl0ZS1uZWdhdGl2ZS1zZW50aW1lbnQtMjAyMy0xMS0xMy_SAQA?oc=5,"<a href=""https://news.google.com/rss/articles/CBMidmh0dHBzOi8vd3d3LnJldXRlcnMuY29tL21hcmtldHMvY29tbW9kaXRpZXMvb3BlYy1zYXlzLW9pbC1tYXJrZXQtcmVtYWlucy1zdHJvbmctZGVzcGl0ZS1uZWdhdGl2ZS1zZW50aW1lbnQtMjAyMy0xMS0xMy_SAQA?oc=5"" target=""_blank"">OPEC says oil market remains strong despite negative sentiment</a>&nbsp;&nbsp;<font color=""#6f6f6f"">Reuters.com</font>",Reuters.com,https://www.reuters.com
AMVAC® and NewLeaf Symbiotics® Extend North American Partnership to Key Global Markets - Yahoo Finance,https://news.google.com/rss/articles/CBMiU2h0dHBzOi8vZmluYW5jZS55YWhvby5jb20vbmV3cy9hbXZhYy1uZXdsZWFmLXN5bWJpb3RpY3MtZXh0ZW5kLW5vcnRoLTE0MDAwMDg3MC5odG1s0gFbaHR0cHM6Ly9maW5hbmNlLnlhaG9vLmNvbS9hbXBodG1sL25ld3MvYW12YWMtbmV3bGVhZi1zeW1iaW90aWNzLWV4dGVuZC1ub3J0aC0xNDAwMDA4NzAuaHRtbA?oc=5,"<a href=""https://news.google.com/rss/articles/CBMiU2h0dHBzOi8vZmluYW5jZS55YWhvby5jb20vbmV3cy9hbXZhYy1uZXdsZWFmLXN5bWJpb3RpY3MtZXh0ZW5kLW5vcnRoLTE0MDAwMDg3MC5odG1s0gFbaHR0cHM6Ly9maW5hbmNlLnlhaG9vLmNvbS9hbXBodG1sL25ld3MvYW12YWMtbmV3bGVhZi1zeW1iaW90aWNzLWV4dGVuZC1ub3J0aC0xNDAwMDA4NzAuaHRtbA?oc=5"" target=""_blank"">AMVAC® and NewLeaf Symbiotics® Extend North American Partnership to Key Global Markets</a>&nbsp;&nbsp;<font color=""#6f6f6f"">Yahoo Finance</font>",Yahoo Finance,https://finance.yahoo.com
Agriculture in the Pan Amazon: Global markets for soybean and corn ... - Mongabay.com,https://news.google.com/rss/articles/CBMiamh0dHBzOi8vbmV3cy5tb25nYWJheS5jb20vMjAyMy8xMC9hZ3JpY3VsdHVyZS1pbi10aGUtcGFuLWFtYXpvbi1nbG9iYWwtbWFya2V0cy1mb3Itc295YmVhbi1hbmQtY29ybi1jcm9wcy_SAW5odHRwczovL25ld3MubW9uZ2FiYXkuY29tLzIwMjMvMTAvYWdyaWN1bHR1cmUtaW4tdGhlLXBhbi1hbWF6b24tZ2xvYmFsLW1hcmtldHMtZm9yLXNveWJlYW4tYW5kLWNvcm4tY3JvcHMvYW1wLw?oc=5,"<a href=""https://news.google.com/rss/articles/CBMiamh0dHBzOi8vbmV3cy5tb25nYWJheS5jb20vMjAyMy8xMC9hZ3JpY3VsdHVyZS1pbi10aGUtcGFuLWFtYXpvbi1nbG9iYWwtbWFya2V0cy1mb3Itc295YmVhbi1hbmQtY29ybi1jcm9wcy_SAW5odHRwczovL25ld3MubW9uZ2FiYXkuY29tLzIwMjMvMTAvYWdyaWN1bHR1cmUtaW4tdGhlLXBhbi1hbWF6b24tZ2xvYmFsLW1hcmtldHMtZm9yLXNveWJlYW4tYW5kLWNvcm4tY3JvcHMvYW1wLw?oc=5"" target=""_blank"">Agriculture in the Pan Amazon: Global markets for soybean and corn ...</a>&nbsp;&nbsp;<font color=""#6f6f6f"">Mongabay.com</font>",Mongabay.com,https://news.mongabay.com
Cboe Global Markets Reports Trading Volume for October 2023 - PR Newswire,https://news.google.com/rss/articles/CBMic2h0dHBzOi8vd3d3LnBybmV3c3dpcmUuY29tL25ld3MtcmVsZWFzZXMvY2JvZS1nbG9iYWwtbWFya2V0cy1yZXBvcnRzLXRyYWRpbmctdm9sdW1lLWZvci1vY3RvYmVyLTIwMjMtMzAxOTc3NTMzLmh0bWzSAQA?oc=5,"<a href=""https://news.google.com/rss/articles/CBMic2h0dHBzOi8vd3d3LnBybmV3c3dpcmUuY29tL25ld3MtcmVsZWFzZXMvY2JvZS1nbG9iYWwtbWFya2V0cy1yZXBvcnRzLXRyYWRpbmctdm9sdW1lLWZvci1vY3RvYmVyLTIwMjMtMzAxOTc3NTMzLmh0bWzSAQA?oc=5"" target=""_blank"">Cboe Global Markets Reports Trading Volume for October 2023</a>&nbsp;&nbsp;<font color=""#6f6f6f"">PR Newswire</font>",PR Newswire,https://www.prnewswire.com
Global Market Discipline during Recent Policy Tightening - Federal Reserve Bank of San Francisco,https://news.google.com/rss/articles/CBMijAFodHRwczovL3d3dy5mcmJzZi5vcmcvZWNvbm9taWMtcmVzZWFyY2gvcHVibGljYXRpb25zL2Vjb25vbWljLWxldHRlci8yMDIzL25vdmVtYmVyL2dsb2JhbC1tYXJrZXQtZGlzY2lwbGluZS1kdXJpbmctcmVjZW50LXBvbGljeS10aWdodGVuaW5nL9IBAA?oc=5,"<a href=""https://news.google.com/rss/articles/CBMijAFodHRwczovL3d3dy5mcmJzZi5vcmcvZWNvbm9taWMtcmVzZWFyY2gvcHVibGljYXRpb25zL2Vjb25vbWljLWxldHRlci8yMDIzL25vdmVtYmVyL2dsb2JhbC1tYXJrZXQtZGlzY2lwbGluZS1kdXJpbmctcmVjZW50LXBvbGljeS10aWdodGVuaW5nL9IBAA?oc=5"" target=""_blank"">Global Market Discipline during Recent Policy Tightening</a>&nbsp;&nbsp;<font color=""#6f6f6f"">Federal Reserve Bank of San Francisco</font>",Federal Reserve Bank of San Francisco,https://www.frbsf.org
Eramet Capital Markets Day “A New ERA” - GlobeNewswire,https://news.google.com/rss/articles/CBMibGh0dHBzOi8vd3d3Lmdsb2JlbmV3c3dpcmUuY29tL25ld3MtcmVsZWFzZS8yMDIzLzExLzEzLzI3Nzg2OTkvMC9lbi9FcmFtZXQtQ2FwaXRhbC1NYXJrZXRzLURheS1BLU5ldy1FUkEuaHRtbNIBAA?oc=5,"<a href=""https://news.google.com/rss/articles/CBMibGh0dHBzOi8vd3d3Lmdsb2JlbmV3c3dpcmUuY29tL25ld3MtcmVsZWFzZS8yMDIzLzExLzEzLzI3Nzg2OTkvMC9lbi9FcmFtZXQtQ2FwaXRhbC1NYXJrZXRzLURheS1BLU5ldy1FUkEuaHRtbNIBAA?oc=5"" target=""_blank"">Eramet Capital Markets Day “A New ERA”</a>&nbsp;&nbsp;<font color=""#6f6f6f"">GlobeNewswire</font>",GlobeNewswire,https://www.globenewswire.com
Xometry to Participate in 2023 RBC Capital Markets Global ... - tech.einnews.com,https://news.google.com/rss/articles/CBMioAFodHRwczovL3RlY2guZWlubmV3cy5jb20vcHJfbmV3cy82NjgxODMzNzMveG9tZXRyeS10by1wYXJ0aWNpcGF0ZS1pbi0yMDIzLXJiYy1jYXBpdGFsLW1hcmtldHMtZ2xvYmFsLXRlY2hub2xvZ3ktaW50ZXJuZXQtbWVkaWEtYW5kLXRlbGVjb21tdW5pY2F0aW9ucy1jb25mZXJlbmNl0gEA?oc=5,"<a href=""https://news.google.com/rss/articles/CBMioAFodHRwczovL3RlY2guZWlubmV3cy5jb20vcHJfbmV3cy82NjgxODMzNzMveG9tZXRyeS10by1wYXJ0aWNpcGF0ZS1pbi0yMDIzLXJiYy1jYXBpdGFsLW1hcmtldHMtZ2xvYmFsLXRlY2hub2xvZ3ktaW50ZXJuZXQtbWVkaWEtYW5kLXRlbGVjb21tdW5pY2F0aW9ucy1jb25mZXJlbmNl0gEA?oc=5"" target=""_blank"">Xometry to Participate in 2023 RBC Capital Markets Global ...</a>&nbsp;&nbsp;<font color=""#6f6f6f"">tech.einnews.com</font>",tech.einnews.com,https://tech.einnews.com
Cboe Global Markets Reports Results for Third Quarter 2023 - PR Newswire,https://news.google.com/rss/articles/CBMicmh0dHBzOi8vd3d3LnBybmV3c3dpcmUuY29tL25ld3MtcmVsZWFzZXMvY2JvZS1nbG9iYWwtbWFya2V0cy1yZXBvcnRzLXJlc3VsdHMtZm9yLXRoaXJkLXF1YXJ0ZXItMjAyMy0zMDE5NzY2MzkuaHRtbNIBAA?oc=5,"<a href=""https://news.google.com/rss/articles/CBMicmh0dHBzOi8vd3d3LnBybmV3c3dpcmUuY29tL25ld3MtcmVsZWFzZXMvY2JvZS1nbG9iYWwtbWFya2V0cy1yZXBvcnRzLXJlc3VsdHMtZm9yLXRoaXJkLXF1YXJ0ZXItMjAyMy0zMDE5NzY2MzkuaHRtbNIBAA?oc=5"" target=""_blank"">Cboe Global Markets Reports Results for Third Quarter 2023</a>&nbsp;&nbsp;<font color=""#6f6f6f"">PR Newswire</font>",PR Newswire,https://www.prnewswire.com
Infrastructure Capital Advisors CEO on Global Markets - Bloomberg,https://news.google.com/rss/articles/CBMibGh0dHBzOi8vd3d3LmJsb29tYmVyZy5jb20vbmV3cy92aWRlb3MvMjAyMy0xMS0wOS9pbmZyYXN0cnVjdHVyZS1jYXBpdGFsLWFkdmlzb3JzLWNlby1vbi1nbG9iYWwtbWFya2V0cy12aWRlb9IBAA?oc=5,"<a href=""https://news.google.com/rss/articles/CBMibGh0dHBzOi8vd3d3LmJsb29tYmVyZy5jb20vbmV3cy92aWRlb3MvMjAyMy0xMS0wOS9pbmZyYXN0cnVjdHVyZS1jYXBpdGFsLWFkdmlzb3JzLWNlby1vbi1nbG9iYWwtbWFya2V0cy12aWRlb9IBAA?oc=5"" target=""_blank"">Infrastructure Capital Advisors CEO on Global Markets</a>&nbsp;&nbsp;<font color=""#6f6f6f"">Bloomberg</font>",Bloomberg,https://www.bloomberg.com
"Enterprise Asset Management Applications and Global Markets Report 2023-2028 with Competitive Analysis of Top Players - ABB., Hexagon, IBM., SAP, Oracle, and IPS Intelligent Process Solutions - Yahoo Finance",https://news.google.com/rss/articles/CBMiXWh0dHBzOi8vZmluYW5jZS55YWhvby5jb20vbmV3cy9lbnRlcnByaXNlLWFzc2V0LW1hbmFnZW1lbnQtYXBwbGljYXRpb25zLWdsb2JhbC0xMDI4MDA4NzYuaHRtbNIBZWh0dHBzOi8vZmluYW5jZS55YWhvby5jb20vYW1waHRtbC9uZXdzL2VudGVycHJpc2UtYXNzZXQtbWFuYWdlbWVudC1hcHBsaWNhdGlvbnMtZ2xvYmFsLTEwMjgwMDg3Ni5odG1s?oc=5,"<a href=""https://news.google.com/rss/articles/CBMiXWh0dHBzOi8vZmluYW5jZS55YWhvby5jb20vbmV3cy9lbnRlcnByaXNlLWFzc2V0LW1hbmFnZW1lbnQtYXBwbGljYXRpb25zLWdsb2JhbC0xMDI4MDA4NzYuaHRtbNIBZWh0dHBzOi8vZmluYW5jZS55YWhvby5jb20vYW1waHRtbC9uZXdzL2VudGVycHJpc2UtYXNzZXQtbWFuYWdlbWVudC1hcHBsaWNhdGlvbnMtZ2xvYmFsLTEwMjgwMDg3Ni5odG1s?oc=5"" target=""_blank"">Enterprise Asset Management Applications and Global Markets Report 2023-2028 with Competitive Analysis of Top Players - ABB., Hexagon, IBM., SAP, Oracle, and IPS Intelligent Process Solutions</a>&nbsp;&nbsp;<font color=""#6f6f6f"">Yahoo Finance</font>",Yahoo Finance,https://finance.yahoo.com
Global Markets Stable as US Pushes to Contain Middle East War - Bloomberg,https://news.google.com/rss/articles/CBMicGh0dHBzOi8vd3d3LmJsb29tYmVyZy5jb20vbmV3cy9hcnRpY2xlcy8yMDIzLTEwLTE1L2dsb2JhbC1tYXJrZXRzLWJyYWNlLWZvci1tb3JlLXZvbGF0aWxpdHktYW1pZC1pc3JhZWwtY29uZmxpY3TSAQA?oc=5,"<a href=""https://news.google.com/rss/articles/CBMicGh0dHBzOi8vd3d3LmJsb29tYmVyZy5jb20vbmV3cy9hcnRpY2xlcy8yMDIzLTEwLTE1L2dsb2JhbC1tYXJrZXRzLWJyYWNlLWZvci1tb3JlLXZvbGF0aWxpdHktYW1pZC1pc3JhZWwtY29uZmxpY3TSAQA?oc=5"" target=""_blank"">Global Markets Stable as US Pushes to Contain Middle East War</a>&nbsp;&nbsp;<font color=""#6f6f6f"">Bloomberg</font>",Bloomberg,https://www.bloomberg.com
GLOBAL MARKETS-Shares and bonds rally as Fed feeds global rate peak hopes - Yahoo Finance,https://news.google.com/rss/articles/CBMiT2h0dHBzOi8vZmluYW5jZS55YWhvby5jb20vbmV3cy9nbG9iYWwtbWFya2V0cy1zaGFyZXMtYm9uZHMtcmFsbHktMTAwOTI5MzI4Lmh0bWzSAVdodHRwczovL2ZpbmFuY2UueWFob28uY29tL2FtcGh0bWwvbmV3cy9nbG9iYWwtbWFya2V0cy1zaGFyZXMtYm9uZHMtcmFsbHktMTAwOTI5MzI4Lmh0bWw?oc=5,"<a href=""https://news.google.com/rss/articles/CBMiT2h0dHBzOi8vZmluYW5jZS55YWhvby5jb20vbmV3cy9nbG9iYWwtbWFya2V0cy1zaGFyZXMtYm9uZHMtcmFsbHktMTAwOTI5MzI4Lmh0bWzSAVdodHRwczovL2ZpbmFuY2UueWFob28uY29tL2FtcGh0bWwvbmV3cy9nbG9iYWwtbWFya2V0cy1zaGFyZXMtYm9uZHMtcmFsbHktMTAwOTI5MzI4Lmh0bWw?oc=5"" target=""_blank"">GLOBAL MARKETS-Shares and bonds rally as Fed feeds global rate peak hopes</a>&nbsp;&nbsp;<font color=""#6f6f6f"">Yahoo Finance</font>",Yahoo Finance,https://finance.yahoo.com
"GLOBAL MARKETS-Yen slides after minor BOJ policy tweak, stocks gain - Yahoo Finance",https://news.google.com/rss/articles/CBMiTWh0dHBzOi8vZmluYW5jZS55YWhvby5jb20vbmV3cy9nbG9iYWwtbWFya2V0cy15ZW4tc2xpZGVzLW1pbm9yLTIwNTQyNTE2Mi5odG1s0gFVaHR0cHM6Ly9maW5hbmNlLnlhaG9vLmNvbS9hbXBodG1sL25ld3MvZ2xvYmFsLW1hcmtldHMteWVuLXNsaWRlcy1taW5vci0yMDU0MjUxNjIuaHRtbA?oc=5,"<a href=""https://news.google.com/rss/articles/CBMiTWh0dHBzOi8vZmluYW5jZS55YWhvby5jb20vbmV3cy9nbG9iYWwtbWFya2V0cy15ZW4tc2xpZGVzLW1pbm9yLTIwNTQyNTE2Mi5odG1s0gFVaHR0cHM6Ly9maW5hbmNlLnlhaG9vLmNvbS9hbXBodG1sL25ld3MvZ2xvYmFsLW1hcmtldHMteWVuLXNsaWRlcy1taW5vci0yMDU0MjUxNjIuaHRtbA?oc=5"" target=""_blank"">GLOBAL MARKETS-Yen slides after minor BOJ policy tweak, stocks gain</a>&nbsp;&nbsp;<font color=""#6f6f6f"">Yahoo Finance</font>",Yahoo Finance,https://finance.yahoo.com
S&P Global Market Intelligence Applauds Bipartisan Legislation to Increase Transparency of Shipping Manifests - Yahoo Finance,https://news.google.com/rss/articles/CBMiU2h0dHBzOi8vZmluYW5jZS55YWhvby5jb20vbmV3cy9wLWdsb2JhbC1tYXJrZXQtaW50ZWxsaWdlbmNlLWFwcGxhdWRzLTE3MDAwMDUwMy5odG1s0gFbaHR0cHM6Ly9maW5hbmNlLnlhaG9vLmNvbS9hbXBodG1sL25ld3MvcC1nbG9iYWwtbWFya2V0LWludGVsbGlnZW5jZS1hcHBsYXVkcy0xNzAwMDA1MDMuaHRtbA?oc=5,"<a href=""https://news.google.com/rss/articles/CBMiU2h0dHBzOi8vZmluYW5jZS55YWhvby5jb20vbmV3cy9wLWdsb2JhbC1tYXJrZXQtaW50ZWxsaWdlbmNlLWFwcGxhdWRzLTE3MDAwMDUwMy5odG1s0gFbaHR0cHM6Ly9maW5hbmNlLnlhaG9vLmNvbS9hbXBodG1sL25ld3MvcC1nbG9iYWwtbWFya2V0LWludGVsbGlnZW5jZS1hcHBsYXVkcy0xNzAwMDA1MDMuaHRtbA?oc=5"" target=""_blank"">S&amp;P Global Market Intelligence Applauds Bipartisan Legislation to Increase Transparency of Shipping Manifests</a>&nbsp;&nbsp;<font color=""#6f6f6f"">Yahoo Finance</font>",Yahoo Finance,https://finance.yahoo.com
Global finance leaders alert to risks as capital markets eye stronger ... - S&P Global,https://news.google.com/rss/articles/CBMipgFodHRwczovL3d3dy5zcGdsb2JhbC5jb20vbWFya2V0aW50ZWxsaWdlbmNlL2VuL25ld3MtaW5zaWdodHMvbGF0ZXN0LW5ld3MtaGVhZGxpbmVzL2dsb2JhbC1maW5hbmNlLWxlYWRlcnMtYWxlcnQtdG8tcmlza3MtYXMtY2FwaXRhbC1tYXJrZXRzLWV5ZS1zdHJvbmdlci0yMDI0LTc4MjYzMTY30gEA?oc=5,"<a href=""https://news.google.com/rss/articles/CBMipgFodHRwczovL3d3dy5zcGdsb2JhbC5jb20vbWFya2V0aW50ZWxsaWdlbmNlL2VuL25ld3MtaW5zaWdodHMvbGF0ZXN0LW5ld3MtaGVhZGxpbmVzL2dsb2JhbC1maW5hbmNlLWxlYWRlcnMtYWxlcnQtdG8tcmlza3MtYXMtY2FwaXRhbC1tYXJrZXRzLWV5ZS1zdHJvbmdlci0yMDI0LTc4MjYzMTY30gEA?oc=5"" target=""_blank"">Global finance leaders alert to risks as capital markets eye stronger ...</a>&nbsp;&nbsp;<font color=""#6f6f6f"">S&amp;P Global</font>",S&P Global,https://www.spglobal.com
Global Luxury Packaging Market Luminous Pathways Traversing the ... - Taiwan News,https://news.google.com/rss/articles/CBMiLWh0dHBzOi8vd3d3LnRhaXdhbm5ld3MuY29tLnR3L2VuL25ld3MvNTAzOTIyONIBAA?oc=5,"<a href=""https://news.google.com/rss/articles/CBMiLWh0dHBzOi8vd3d3LnRhaXdhbm5ld3MuY29tLnR3L2VuL25ld3MvNTAzOTIyONIBAA?oc=5"" target=""_blank"">Global Luxury Packaging Market Luminous Pathways Traversing the ...</a>&nbsp;&nbsp;<font color=""#6f6f6f"">Taiwan News</font>",Taiwan News,https://www.taiwannews.com.tw
Watch Dalton Investments' Ong on Global Markets - Bloomberg,https://news.google.com/rss/articles/CBMiX2h0dHBzOi8vd3d3LmJsb29tYmVyZy5jb20vbmV3cy92aWRlb3MvMjAyMy0xMS0wNy9kYWx0b24taW52ZXN0bWVudHMtb25nLW9uLWdsb2JhbC1tYXJrZXRzLXZpZGVv0gEA?oc=5,"<a href=""https://news.google.com/rss/articles/CBMiX2h0dHBzOi8vd3d3LmJsb29tYmVyZy5jb20vbmV3cy92aWRlb3MvMjAyMy0xMS0wNy9kYWx0b24taW52ZXN0bWVudHMtb25nLW9uLWdsb2JhbC1tYXJrZXRzLXZpZGVv0gEA?oc=5"" target=""_blank"">Watch Dalton Investments' Ong on Global Markets</a>&nbsp;&nbsp;<font color=""#6f6f6f"">Bloomberg</font>",Bloomberg,https://www.bloomberg.com
Cboe Global Markets Announces Increase in Share Repurchase ... - PR Newswire,https://news.google.com/rss/articles/CBMipgFodHRwczovL3d3dy5wcm5ld3N3aXJlLmNvbS9uZXdzLXJlbGVhc2VzL2Nib2UtZ2xvYmFsLW1hcmtldHMtYW5ub3VuY2VzLWluY3JlYXNlLWluLXNoYXJlLXJlcHVyY2hhc2UtYXV0aG9yaXphdGlvbi1kZWNsYXJlcy1mb3VydGgtcXVhcnRlci0yMDIzLWRpdmlkZW5kLTMwMTk2OTM3Mi5odG1s0gEA?oc=5,"<a href=""https://news.google.com/rss/articles/CBMipgFodHRwczovL3d3dy5wcm5ld3N3aXJlLmNvbS9uZXdzLXJlbGVhc2VzL2Nib2UtZ2xvYmFsLW1hcmtldHMtYW5ub3VuY2VzLWluY3JlYXNlLWluLXNoYXJlLXJlcHVyY2hhc2UtYXV0aG9yaXphdGlvbi1kZWNsYXJlcy1mb3VydGgtcXVhcnRlci0yMDIzLWRpdmlkZW5kLTMwMTk2OTM3Mi5odG1s0gEA?oc=5"" target=""_blank"">Cboe Global Markets Announces Increase in Share Repurchase ...</a>&nbsp;&nbsp;<font color=""#6f6f6f"">PR Newswire</font>",PR Newswire,https://www.prnewswire.com
5 Things To Know for Nov. 13 - CoStar Group,https://news.google.com/rss/articles/CBMiRWh0dHBzOi8vd3d3LmNvc3Rhci5jb20vYXJ0aWNsZS8xNzIwMzc4NDk4LzUtdGhpbmdzLXRvLWtub3ctZm9yLW5vdi0xM9IBAA?oc=5,"<a href=""https://news.google.com/rss/articles/CBMiRWh0dHBzOi8vd3d3LmNvc3Rhci5jb20vYXJ0aWNsZS8xNzIwMzc4NDk4LzUtdGhpbmdzLXRvLWtub3ctZm9yLW5vdi0xM9IBAA?oc=5"" target=""_blank"">5 Things To Know for Nov. 13</a>&nbsp;&nbsp;<font color=""#6f6f6f"">CoStar Group</font>",CoStar Group,https://www.costar.com
Asian Markets Track Global Markets Lower - Nasdaq,https://news.google.com/rss/articles/CBMiS2h0dHBzOi8vd3d3Lm5hc2RhcS5jb20vYXJ0aWNsZXMvYXNpYW4tbWFya2V0cy10cmFjay1nbG9iYWwtbWFya2V0cy1sb3dlci0yNdIBAA?oc=5,"<a href=""https://news.google.com/rss/articles/CBMiS2h0dHBzOi8vd3d3Lm5hc2RhcS5jb20vYXJ0aWNsZXMvYXNpYW4tbWFya2V0cy10cmFjay1nbG9iYWwtbWFya2V0cy1sb3dlci0yNdIBAA?oc=5"" target=""_blank"">Asian Markets Track Global Markets Lower</a>&nbsp;&nbsp;<font color=""#6f6f6f"">Nasdaq</font>",Nasdaq,https://www.nasdaq.com
GLOBAL MARKETS-Stocks stymied pending Fed and yen decisions - Yahoo Finance,https://news.google.com/rss/articles/CBMiU2h0dHBzOi8vZmluYW5jZS55YWhvby5jb20vbmV3cy9nbG9iYWwtbWFya2V0cy1zdG9ja3Mtc3R5bWllZC1wZW5kaW5nLTEyMjAxNTM3NC5odG1s0gFbaHR0cHM6Ly9maW5hbmNlLnlhaG9vLmNvbS9hbXBodG1sL25ld3MvZ2xvYmFsLW1hcmtldHMtc3RvY2tzLXN0eW1pZWQtcGVuZGluZy0xMjIwMTUzNzQuaHRtbA?oc=5,"<a href=""https://news.google.com/rss/articles/CBMiU2h0dHBzOi8vZmluYW5jZS55YWhvby5jb20vbmV3cy9nbG9iYWwtbWFya2V0cy1zdG9ja3Mtc3R5bWllZC1wZW5kaW5nLTEyMjAxNTM3NC5odG1s0gFbaHR0cHM6Ly9maW5hbmNlLnlhaG9vLmNvbS9hbXBodG1sL25ld3MvZ2xvYmFsLW1hcmtldHMtc3RvY2tzLXN0eW1pZWQtcGVuZGluZy0xMjIwMTUzNzQuaHRtbA?oc=5"" target=""_blank"">GLOBAL MARKETS-Stocks stymied pending Fed and yen decisions</a>&nbsp;&nbsp;<font color=""#6f6f6f"">Yahoo Finance</font>",Yahoo Finance,https://finance.yahoo.com
"Bakkt To Expand Digital Asset Capabilities Into Global Markets Including Asia, Europe, LatAm | Crowdfund - Crowdfund Insider",https://news.google.com/rss/articles/CBMiiwFodHRwczovL3d3dy5jcm93ZGZ1bmRpbnNpZGVyLmNvbS8yMDIzLzExLzIxNTYxMC1iYWtrdC10by1leHBhbmQtZGlnaXRhbC1hc3NldC1jYXBhYmlsaXRpZXMtaW50by1nbG9iYWwtbWFya2V0cy1pbmNsdWRpbmctYXNpYS1ldXJvcGUtbGF0YW0v0gGPAWh0dHBzOi8vd3d3LmNyb3dkZnVuZGluc2lkZXIuY29tLzIwMjMvMTEvMjE1NjEwLWJha2t0LXRvLWV4cGFuZC1kaWdpdGFsLWFzc2V0LWNhcGFiaWxpdGllcy1pbnRvLWdsb2JhbC1tYXJrZXRzLWluY2x1ZGluZy1hc2lhLWV1cm9wZS1sYXRhbS9hbXAv?oc=5,"<a href=""https://news.google.com/rss/articles/CBMiiwFodHRwczovL3d3dy5jcm93ZGZ1bmRpbnNpZGVyLmNvbS8yMDIzLzExLzIxNTYxMC1iYWtrdC10by1leHBhbmQtZGlnaXRhbC1hc3NldC1jYXBhYmlsaXRpZXMtaW50by1nbG9iYWwtbWFya2V0cy1pbmNsdWRpbmctYXNpYS1ldXJvcGUtbGF0YW0v0gGPAWh0dHBzOi8vd3d3LmNyb3dkZnVuZGluc2lkZXIuY29tLzIwMjMvMTEvMjE1NjEwLWJha2t0LXRvLWV4cGFuZC1kaWdpdGFsLWFzc2V0LWNhcGFiaWxpdGllcy1pbnRvLWdsb2JhbC1tYXJrZXRzLWluY2x1ZGluZy1hc2lhLWV1cm9wZS1sYXRhbS9hbXAv?oc=5"" target=""_blank"">Bakkt To Expand Digital Asset Capabilities Into Global Markets Including Asia, Europe, LatAm | Crowdfund</a>&nbsp;&nbsp;<font color=""#6f6f6f"">Crowdfund Insider</font>",Crowdfund Insider,https://www.crowdfundinsider.com
National versus global markets - beef in the Brazilian Amazon - Mongabay.com,https://news.google.com/rss/articles/CBMiXmh0dHBzOi8vbmV3cy5tb25nYWJheS5jb20vMjAyMy8xMC9uYXRpb25hbC12ZXJzdXMtZ2xvYmFsLW1hcmtldHMtYmVlZi1pbi10aGUtYnJhemlsaWFuLWFtYXpvbi_SAWJodHRwczovL25ld3MubW9uZ2FiYXkuY29tLzIwMjMvMTAvbmF0aW9uYWwtdmVyc3VzLWdsb2JhbC1tYXJrZXRzLWJlZWYtaW4tdGhlLWJyYXppbGlhbi1hbWF6b24vYW1wLw?oc=5,"<a href=""https://news.google.com/rss/articles/CBMiXmh0dHBzOi8vbmV3cy5tb25nYWJheS5jb20vMjAyMy8xMC9uYXRpb25hbC12ZXJzdXMtZ2xvYmFsLW1hcmtldHMtYmVlZi1pbi10aGUtYnJhemlsaWFuLWFtYXpvbi_SAWJodHRwczovL25ld3MubW9uZ2FiYXkuY29tLzIwMjMvMTAvbmF0aW9uYWwtdmVyc3VzLWdsb2JhbC1tYXJrZXRzLWJlZWYtaW4tdGhlLWJyYXppbGlhbi1hbWF6b24vYW1wLw?oc=5"" target=""_blank"">National versus global markets - beef in the Brazilian Amazon</a>&nbsp;&nbsp;<font color=""#6f6f6f"">Mongabay.com</font>",Mongabay.com,https://news.mongabay.com
"Stocks rebound on earnings, stabilized Treasuries - Reuters.com",https://news.google.com/rss/articles/CBMiQ2h0dHBzOi8vd3d3LnJldXRlcnMuY29tL21hcmtldHMvZ2xvYmFsLW1hcmtldHMtd3JhcHVwLTEtMjAyMy0xMC0yNC_SAQA?oc=5,"<a href=""https://news.google.com/rss/articles/CBMiQ2h0dHBzOi8vd3d3LnJldXRlcnMuY29tL21hcmtldHMvZ2xvYmFsLW1hcmtldHMtd3JhcHVwLTEtMjAyMy0xMC0yNC_SAQA?oc=5"" target=""_blank"">Stocks rebound on earnings, stabilized Treasuries</a>&nbsp;&nbsp;<font color=""#6f6f6f"">Reuters.com</font>",Reuters.com,https://www.reuters.com
GLOBAL MARKETS-Stocks drag despite tech lift as inflation lingers - Yahoo Finance,https://news.google.com/rss/articles/CBMiUGh0dHBzOi8vZmluYW5jZS55YWhvby5jb20vbmV3cy9nbG9iYWwtbWFya2V0cy1zdG9ja3MtZHJhZy1kZXNwaXRlLTIwMjkzNDU2My5odG1s0gFYaHR0cHM6Ly9maW5hbmNlLnlhaG9vLmNvbS9hbXBodG1sL25ld3MvZ2xvYmFsLW1hcmtldHMtc3RvY2tzLWRyYWctZGVzcGl0ZS0yMDI5MzQ1NjMuaHRtbA?oc=5,"<a href=""https://news.google.com/rss/articles/CBMiUGh0dHBzOi8vZmluYW5jZS55YWhvby5jb20vbmV3cy9nbG9iYWwtbWFya2V0cy1zdG9ja3MtZHJhZy1kZXNwaXRlLTIwMjkzNDU2My5odG1s0gFYaHR0cHM6Ly9maW5hbmNlLnlhaG9vLmNvbS9hbXBodG1sL25ld3MvZ2xvYmFsLW1hcmtldHMtc3RvY2tzLWRyYWctZGVzcGl0ZS0yMDI5MzQ1NjMuaHRtbA?oc=5"" target=""_blank"">GLOBAL MARKETS-Stocks drag despite tech lift as inflation lingers</a>&nbsp;&nbsp;<font color=""#6f6f6f"">Yahoo Finance</font>",Yahoo Finance,https://finance.yahoo.com
Global Printing Inks Market Envisioning Elevation Market Size’s ... - Taiwan News,https://news.google.com/rss/articles/CBMiLWh0dHBzOi8vd3d3LnRhaXdhbm5ld3MuY29tLnR3L2VuL25ld3MvNTAzOTIzMtIBAA?oc=5,"<a href=""https://news.google.com/rss/articles/CBMiLWh0dHBzOi8vd3d3LnRhaXdhbm5ld3MuY29tLnR3L2VuL25ld3MvNTAzOTIzMtIBAA?oc=5"" target=""_blank"">Global Printing Inks Market Envisioning Elevation Market Size’s ...</a>&nbsp;&nbsp;<font color=""#6f6f6f"">Taiwan News</font>",Taiwan News,https://www.taiwannews.com.tw
"Global markets today: Wall Street falls on higher bond yields, European equities end flat | Mint - Mint",https://news.google.com/rss/articles/CBMinQFodHRwczovL3d3dy5saXZlbWludC5jb20vbWFya2V0L3N0b2NrLW1hcmtldC1uZXdzL2dsb2JhbC1tYXJrZXRzLXRvZGF5LXdhbGwtc3RyZWV0LWZhbGxzLW9uLWhpZ2hlci1ib25kLXlpZWxkcy1ldXJvcGVhbi1lcXVpdGllcy1lbmQtZmxhdC0xMTY5ODI1OTgzNzk4Ny5odG1s0gGhAWh0dHBzOi8vd3d3LmxpdmVtaW50LmNvbS9tYXJrZXQvc3RvY2stbWFya2V0LW5ld3MvZ2xvYmFsLW1hcmtldHMtdG9kYXktd2FsbC1zdHJlZXQtZmFsbHMtb24taGlnaGVyLWJvbmQteWllbGRzLWV1cm9wZWFuLWVxdWl0aWVzLWVuZC1mbGF0L2FtcC0xMTY5ODI1OTgzNzk4Ny5odG1s?oc=5,"<a href=""https://news.google.com/rss/articles/CBMinQFodHRwczovL3d3dy5saXZlbWludC5jb20vbWFya2V0L3N0b2NrLW1hcmtldC1uZXdzL2dsb2JhbC1tYXJrZXRzLXRvZGF5LXdhbGwtc3RyZWV0LWZhbGxzLW9uLWhpZ2hlci1ib25kLXlpZWxkcy1ldXJvcGVhbi1lcXVpdGllcy1lbmQtZmxhdC0xMTY5ODI1OTgzNzk4Ny5odG1s0gGhAWh0dHBzOi8vd3d3LmxpdmVtaW50LmNvbS9tYXJrZXQvc3RvY2stbWFya2V0LW5ld3MvZ2xvYmFsLW1hcmtldHMtdG9kYXktd2FsbC1zdHJlZXQtZmFsbHMtb24taGlnaGVyLWJvbmQteWllbGRzLWV1cm9wZWFuLWVxdWl0aWVzLWVuZC1mbGF0L2FtcC0xMTY5ODI1OTgzNzk4Ny5odG1s?oc=5"" target=""_blank"">Global markets today: Wall Street falls on higher bond yields, European equities end flat | Mint</a>&nbsp;&nbsp;<font color=""#6f6f6f"">Mint</font>",Mint,https://www.livemint.com
Most global markets declined in October; MOSL suggests these stocks now | Mint - Mint,https://news.google.com/rss/articles/CBMiiAFodHRwczovL3d3dy5saXZlbWludC5jb20vbWFya2V0L3N0b2NrLW1hcmtldC1uZXdzL21vc3QtZ2xvYmFsLW1hcmtldHMtZGVjbGluZWQtaW4tb2N0b2Jlci1tb3NsLXN1Z2dlc3RzLXRoZXNlLXN0b2Nrcy0xMTY5OTI1OTU4MDMzMS5odG1s0gGMAWh0dHBzOi8vd3d3LmxpdmVtaW50LmNvbS9tYXJrZXQvc3RvY2stbWFya2V0LW5ld3MvbW9zdC1nbG9iYWwtbWFya2V0cy1kZWNsaW5lZC1pbi1vY3RvYmVyLW1vc2wtc3VnZ2VzdHMtdGhlc2Utc3RvY2tzL2FtcC0xMTY5OTI1OTU4MDMzMS5odG1s?oc=5,"<a href=""https://news.google.com/rss/articles/CBMiiAFodHRwczovL3d3dy5saXZlbWludC5jb20vbWFya2V0L3N0b2NrLW1hcmtldC1uZXdzL21vc3QtZ2xvYmFsLW1hcmtldHMtZGVjbGluZWQtaW4tb2N0b2Jlci1tb3NsLXN1Z2dlc3RzLXRoZXNlLXN0b2Nrcy0xMTY5OTI1OTU4MDMzMS5odG1s0gGMAWh0dHBzOi8vd3d3LmxpdmVtaW50LmNvbS9tYXJrZXQvc3RvY2stbWFya2V0LW5ld3MvbW9zdC1nbG9iYWwtbWFya2V0cy1kZWNsaW5lZC1pbi1vY3RvYmVyLW1vc2wtc3VnZ2VzdHMtdGhlc2Utc3RvY2tzL2FtcC0xMTY5OTI1OTU4MDMzMS5odG1s?oc=5"" target=""_blank"">Most global markets declined in October; MOSL suggests these stocks now | Mint</a>&nbsp;&nbsp;<font color=""#6f6f6f"">Mint</font>",Mint,https://www.livemint.com
Cboe Global Markets Announces 2023/2024 Options Institute ... - PR Newswire,https://news.google.com/rss/articles/CBMiywFodHRwczovL3d3dy5wcm5ld3N3aXJlLmNvbS9uZXdzLXJlbGVhc2VzL2Nib2UtZ2xvYmFsLW1hcmtldHMtYW5ub3VuY2VzLTIwMjMyMDI0LW9wdGlvbnMtaW5zdGl0dXRlLWFjYWRlbWljLXJlc2VhcmNoLWdyYW50LXByb2dyYW0td2l0aC1zcG9uc29ycy1zcC1kb3ctam9uZXMtaW5kaWNlcy1hbmQtc3BpZGVycm9jay1hZHZpc29ycy0zMDE5NjIyMzAuaHRtbNIBAA?oc=5,"<a href=""https://news.google.com/rss/articles/CBMiywFodHRwczovL3d3dy5wcm5ld3N3aXJlLmNvbS9uZXdzLXJlbGVhc2VzL2Nib2UtZ2xvYmFsLW1hcmtldHMtYW5ub3VuY2VzLTIwMjMyMDI0LW9wdGlvbnMtaW5zdGl0dXRlLWFjYWRlbWljLXJlc2VhcmNoLWdyYW50LXByb2dyYW0td2l0aC1zcG9uc29ycy1zcC1kb3ctam9uZXMtaW5kaWNlcy1hbmQtc3BpZGVycm9jay1hZHZpc29ycy0zMDE5NjIyMzAuaHRtbNIBAA?oc=5"" target=""_blank"">Cboe Global Markets Announces 2023/2024 Options Institute ...</a>&nbsp;&nbsp;<font color=""#6f6f6f"">PR Newswire</font>",PR Newswire,https://www.prnewswire.com
GLOBAL MARKETS-Red October rumbles on as U.S. bond yields reach 5% - Yahoo Finance,https://news.google.com/rss/articles/CBMiUGh0dHBzOi8vZmluYW5jZS55YWhvby5jb20vbmV3cy9nbG9iYWwtbWFya2V0cy1yZWQtb2N0b2Jlci1ydW1ibGVzLTA5MDIxNTg0Ni5odG1s0gFYaHR0cHM6Ly9maW5hbmNlLnlhaG9vLmNvbS9hbXBodG1sL25ld3MvZ2xvYmFsLW1hcmtldHMtcmVkLW9jdG9iZXItcnVtYmxlcy0wOTAyMTU4NDYuaHRtbA?oc=5,"<a href=""https://news.google.com/rss/articles/CBMiUGh0dHBzOi8vZmluYW5jZS55YWhvby5jb20vbmV3cy9nbG9iYWwtbWFya2V0cy1yZWQtb2N0b2Jlci1ydW1ibGVzLTA5MDIxNTg0Ni5odG1s0gFYaHR0cHM6Ly9maW5hbmNlLnlhaG9vLmNvbS9hbXBodG1sL25ld3MvZ2xvYmFsLW1hcmtldHMtcmVkLW9jdG9iZXItcnVtYmxlcy0wOTAyMTU4NDYuaHRtbA?oc=5"" target=""_blank"">GLOBAL MARKETS-Red October rumbles on as U.S. bond yields reach 5%</a>&nbsp;&nbsp;<font color=""#6f6f6f"">Yahoo Finance</font>",Yahoo Finance,https://finance.yahoo.com
Express Fashions Are Coming to Even More Global Markets - WWD,https://news.google.com/rss/articles/CBMiVGh0dHBzOi8vd3dkLmNvbS9idXNpbmVzcy1uZXdzL21lZGlhL2V4cHJlc3MtZmFzaGlvbi1nbG9iYWwtZXhwYW5zaW9uLXdocC0xMjM1OTE2MTM4L9IBAA?oc=5,"<a href=""https://news.google.com/rss/articles/CBMiVGh0dHBzOi8vd3dkLmNvbS9idXNpbmVzcy1uZXdzL21lZGlhL2V4cHJlc3MtZmFzaGlvbi1nbG9iYWwtZXhwYW5zaW9uLXdocC0xMjM1OTE2MTM4L9IBAA?oc=5"" target=""_blank"">Express Fashions Are Coming to Even More Global Markets</a>&nbsp;&nbsp;<font color=""#6f6f6f"">WWD</font>",WWD,https://wwd.com
"GLOBAL MARKETS-Asian shares wobble, dollar soft as traders await economic data - Yahoo Finance",https://news.google.com/rss/articles/CBMiUGh0dHBzOi8vZmluYW5jZS55YWhvby5jb20vbmV3cy9nbG9iYWwtbWFya2V0cy1hc2lhbi1zaGFyZXMtd29iYmxlLTA2MTgyMDc2NS5odG1s0gFYaHR0cHM6Ly9maW5hbmNlLnlhaG9vLmNvbS9hbXBodG1sL25ld3MvZ2xvYmFsLW1hcmtldHMtYXNpYW4tc2hhcmVzLXdvYmJsZS0wNjE4MjA3NjUuaHRtbA?oc=5,"<a href=""https://news.google.com/rss/articles/CBMiUGh0dHBzOi8vZmluYW5jZS55YWhvby5jb20vbmV3cy9nbG9iYWwtbWFya2V0cy1hc2lhbi1zaGFyZXMtd29iYmxlLTA2MTgyMDc2NS5odG1s0gFYaHR0cHM6Ly9maW5hbmNlLnlhaG9vLmNvbS9hbXBodG1sL25ld3MvZ2xvYmFsLW1hcmtldHMtYXNpYW4tc2hhcmVzLXdvYmJsZS0wNjE4MjA3NjUuaHRtbA?oc=5"" target=""_blank"">GLOBAL MARKETS-Asian shares wobble, dollar soft as traders await economic data</a>&nbsp;&nbsp;<font color=""#6f6f6f"">Yahoo Finance</font>",Yahoo Finance,https://finance.yahoo.com
Swiss Re: Asian insurance markets to outgrow global markets in 2023 - Re-Insurance.com,https://news.google.com/rss/articles/CBMiY2h0dHBzOi8vd3d3LnRoZWluc3VyZXIuY29tL25ld3Mvc3dpc3MtcmUtYXNpYW4taW5zdXJhbmNlLW1hcmtldHMtdG8tb3V0Z3Jvdy1nbG9iYWwtbWFya2V0cy1pbi0yMDIzL9IBAA?oc=5,"<a href=""https://news.google.com/rss/articles/CBMiY2h0dHBzOi8vd3d3LnRoZWluc3VyZXIuY29tL25ld3Mvc3dpc3MtcmUtYXNpYW4taW5zdXJhbmNlLW1hcmtldHMtdG8tb3V0Z3Jvdy1nbG9iYWwtbWFya2V0cy1pbi0yMDIzL9IBAA?oc=5"" target=""_blank"">Swiss Re: Asian insurance markets to outgrow global markets in 2023</a>&nbsp;&nbsp;<font color=""#6f6f6f"">Re-Insurance.com</font>",Re-Insurance.com,https://www.theinsurer.com
Investment banks feast on block trades as IPOs remain in limbo - The Australian Financial Review,https://news.google.com/rss/articles/CBMif2h0dHBzOi8vd3d3LmFmci5jb20vY29tcGFuaWVzL2ZpbmFuY2lhbC1zZXJ2aWNlcy9pbnZlc3RtZW50LWJhbmtzLWZlYXN0LW9uLWJsb2NrLXRyYWRlcy1hcy1pcG9zLXJlbWFpbi1pbi1saW1iby0yMDIzMTExMC1wNWVqMTXSAQA?oc=5,"<a href=""https://news.google.com/rss/articles/CBMif2h0dHBzOi8vd3d3LmFmci5jb20vY29tcGFuaWVzL2ZpbmFuY2lhbC1zZXJ2aWNlcy9pbnZlc3RtZW50LWJhbmtzLWZlYXN0LW9uLWJsb2NrLXRyYWRlcy1hcy1pcG9zLXJlbWFpbi1pbi1saW1iby0yMDIzMTExMC1wNWVqMTXSAQA?oc=5"" target=""_blank"">Investment banks feast on block trades as IPOs remain in limbo</a>&nbsp;&nbsp;<font color=""#6f6f6f"">The Australian Financial Review</font>",The Australian Financial Review,https://www.afr.com
UK house asking prices in largest November fall since 2018; Opec insists oil market still strong – as it happened - The Guardian,https://news.google.com/rss/articles/CBMihQFodHRwczovL3d3dy50aGVndWFyZGlhbi5jb20vYnVzaW5lc3MvbGl2ZS8yMDIzL25vdi8xMy91ay1ob3VzZS1hc2tpbmctcHJpY2VzLWZhbGwtZWNvbm9teS1ncm93dGgtc2xvd2Rvd24tc3RvY2stbWFya2V0cy1idXNpbmVzcy1saXZl0gGFAWh0dHBzOi8vYW1wLnRoZWd1YXJkaWFuLmNvbS9idXNpbmVzcy9saXZlLzIwMjMvbm92LzEzL3VrLWhvdXNlLWFza2luZy1wcmljZXMtZmFsbC1lY29ub215LWdyb3d0aC1zbG93ZG93bi1zdG9jay1tYXJrZXRzLWJ1c2luZXNzLWxpdmU?oc=5,"<a href=""https://news.google.com/rss/articles/CBMihQFodHRwczovL3d3dy50aGVndWFyZGlhbi5jb20vYnVzaW5lc3MvbGl2ZS8yMDIzL25vdi8xMy91ay1ob3VzZS1hc2tpbmctcHJpY2VzLWZhbGwtZWNvbm9teS1ncm93dGgtc2xvd2Rvd24tc3RvY2stbWFya2V0cy1idXNpbmVzcy1saXZl0gGFAWh0dHBzOi8vYW1wLnRoZWd1YXJkaWFuLmNvbS9idXNpbmVzcy9saXZlLzIwMjMvbm92LzEzL3VrLWhvdXNlLWFza2luZy1wcmljZXMtZmFsbC1lY29ub215LWdyb3d0aC1zbG93ZG93bi1zdG9jay1tYXJrZXRzLWJ1c2luZXNzLWxpdmU?oc=5"" target=""_blank"">UK house asking prices in largest November fall since 2018; Opec insists oil market still strong – as it happened</a>&nbsp;&nbsp;<font color=""#6f6f6f"">The Guardian</font>",The Guardian,https://www.theguardian.com
"Global markets today: US and European stocks decline on worries over rising yields, Israel-Hamas war | Mint - Mint",https://news.google.com/rss/articles/CBMiqAFodHRwczovL3d3dy5saXZlbWludC5jb20vbWFya2V0L3N0b2NrLW1hcmtldC1uZXdzL2dsb2JhbC1tYXJrZXRzLXRvZGF5LXVzLWFuZC1ldXJvcGVhbi1zdG9ja3MtZGVjbGluZS1vbi13b3JyaWVzLW92ZXItcmlzaW5nLXlpZWxkcy1pc3JhZWwtaGFtYXMtd2FyLTExNjk3NzQ1ODEwMzUxLmh0bWzSAawBaHR0cHM6Ly93d3cubGl2ZW1pbnQuY29tL21hcmtldC9zdG9jay1tYXJrZXQtbmV3cy9nbG9iYWwtbWFya2V0cy10b2RheS11cy1hbmQtZXVyb3BlYW4tc3RvY2tzLWRlY2xpbmUtb24td29ycmllcy1vdmVyLXJpc2luZy15aWVsZHMtaXNyYWVsLWhhbWFzLXdhci9hbXAtMTE2OTc3NDU4MTAzNTEuaHRtbA?oc=5,"<a href=""https://news.google.com/rss/articles/CBMiqAFodHRwczovL3d3dy5saXZlbWludC5jb20vbWFya2V0L3N0b2NrLW1hcmtldC1uZXdzL2dsb2JhbC1tYXJrZXRzLXRvZGF5LXVzLWFuZC1ldXJvcGVhbi1zdG9ja3MtZGVjbGluZS1vbi13b3JyaWVzLW92ZXItcmlzaW5nLXlpZWxkcy1pc3JhZWwtaGFtYXMtd2FyLTExNjk3NzQ1ODEwMzUxLmh0bWzSAawBaHR0cHM6Ly93d3cubGl2ZW1pbnQuY29tL21hcmtldC9zdG9jay1tYXJrZXQtbmV3cy9nbG9iYWwtbWFya2V0cy10b2RheS11cy1hbmQtZXVyb3BlYW4tc3RvY2tzLWRlY2xpbmUtb24td29ycmllcy1vdmVyLXJpc2luZy15aWVsZHMtaXNyYWVsLWhhbWFzLXdhci9hbXAtMTE2OTc3NDU4MTAzNTEuaHRtbA?oc=5"" target=""_blank"">Global markets today: US and European stocks decline on worries over rising yields, Israel-Hamas war | Mint</a>&nbsp;&nbsp;<font color=""#6f6f6f"">Mint</font>",Mint,https://www.livemint.com
GLOBAL MARKETS-Asian stocks bounce on China spending plans ... - Nasdaq,https://news.google.com/rss/articles/CBMicWh0dHBzOi8vd3d3Lm5hc2RhcS5jb20vYXJ0aWNsZXMvZ2xvYmFsLW1hcmtldHMtYXNpYW4tc3RvY2tzLWJvdW5jZS1vbi1jaGluYS1zcGVuZGluZy1wbGFucy1pbmZsYXRpb24tam9sdHMtYXVzc2ll0gEA?oc=5,"<a href=""https://news.google.com/rss/articles/CBMicWh0dHBzOi8vd3d3Lm5hc2RhcS5jb20vYXJ0aWNsZXMvZ2xvYmFsLW1hcmtldHMtYXNpYW4tc3RvY2tzLWJvdW5jZS1vbi1jaGluYS1zcGVuZGluZy1wbGFucy1pbmZsYXRpb24tam9sdHMtYXVzc2ll0gEA?oc=5"" target=""_blank"">GLOBAL MARKETS-Asian stocks bounce on China spending plans ...</a>&nbsp;&nbsp;<font color=""#6f6f6f"">Nasdaq</font>",Nasdaq,https://www.nasdaq.com
"Markets reverse Muhurat day gains, heavyweights drag down benchmark indices - Business Standard",https://news.google.com/rss/articles/CBMijQFodHRwczovL3d3dy5idXNpbmVzcy1zdGFuZGFyZC5jb20vbWFya2V0cy9uZXdzL21hcmtldHMtcmV2ZXJzZS1tdWh1cmF0LWRheS1nYWlucy1oZWF2eXdlaWdodHMtZHJhZy1kb3duLWJlbmNobWFyay1pbmRpY2VzLTEyMzExMTMwMDc5NF8xLmh0bWzSAZEBaHR0cHM6Ly93d3cuYnVzaW5lc3Mtc3RhbmRhcmQuY29tL2FtcC9tYXJrZXRzL25ld3MvbWFya2V0cy1yZXZlcnNlLW11aHVyYXQtZGF5LWdhaW5zLWhlYXZ5d2VpZ2h0cy1kcmFnLWRvd24tYmVuY2htYXJrLWluZGljZXMtMTIzMTExMzAwNzk0XzEuaHRtbA?oc=5,"<a href=""https://news.google.com/rss/articles/CBMijQFodHRwczovL3d3dy5idXNpbmVzcy1zdGFuZGFyZC5jb20vbWFya2V0cy9uZXdzL21hcmtldHMtcmV2ZXJzZS1tdWh1cmF0LWRheS1nYWlucy1oZWF2eXdlaWdodHMtZHJhZy1kb3duLWJlbmNobWFyay1pbmRpY2VzLTEyMzExMTMwMDc5NF8xLmh0bWzSAZEBaHR0cHM6Ly93d3cuYnVzaW5lc3Mtc3RhbmRhcmQuY29tL2FtcC9tYXJrZXRzL25ld3MvbWFya2V0cy1yZXZlcnNlLW11aHVyYXQtZGF5LWdhaW5zLWhlYXZ5d2VpZ2h0cy1kcmFnLWRvd24tYmVuY2htYXJrLWluZGljZXMtMTIzMTExMzAwNzk0XzEuaHRtbA?oc=5"" target=""_blank"">Markets reverse Muhurat day gains, heavyweights drag down benchmark indices</a>&nbsp;&nbsp;<font color=""#6f6f6f"">Business Standard</font>",Business Standard,https://www.business-standard.com
GLOBAL MARKETS-Stocks struggle as Treasury yields linger near 5% after strong U.S. growth data - Yahoo Finance,https://news.google.com/rss/articles/CBMiVWh0dHBzOi8vZmluYW5jZS55YWhvby5jb20vbmV3cy9nbG9iYWwtbWFya2V0cy1zdG9ja3Mtc3RydWdnbGUtdHJlYXN1cnktMTQyMzEzOTY1Lmh0bWzSAV1odHRwczovL2ZpbmFuY2UueWFob28uY29tL2FtcGh0bWwvbmV3cy9nbG9iYWwtbWFya2V0cy1zdG9ja3Mtc3RydWdnbGUtdHJlYXN1cnktMTQyMzEzOTY1Lmh0bWw?oc=5,"<a href=""https://news.google.com/rss/articles/CBMiVWh0dHBzOi8vZmluYW5jZS55YWhvby5jb20vbmV3cy9nbG9iYWwtbWFya2V0cy1zdG9ja3Mtc3RydWdnbGUtdHJlYXN1cnktMTQyMzEzOTY1Lmh0bWzSAV1odHRwczovL2ZpbmFuY2UueWFob28uY29tL2FtcGh0bWwvbmV3cy9nbG9iYWwtbWFya2V0cy1zdG9ja3Mtc3RydWdnbGUtdHJlYXN1cnktMTQyMzEzOTY1Lmh0bWw?oc=5"" target=""_blank"">GLOBAL MARKETS-Stocks struggle as Treasury yields linger near 5% after strong U.S. growth data</a>&nbsp;&nbsp;<font color=""#6f6f6f"">Yahoo Finance</font>",Yahoo Finance,https://finance.yahoo.com
"GLOBAL MARKETS-Wall Street slides, crude jumps on mounting Middle East tensions - Yahoo Finance",https://news.google.com/rss/articles/CBMiT2h0dHBzOi8vZmluYW5jZS55YWhvby5jb20vbmV3cy9nbG9iYWwtbWFya2V0cy13YWxsLXN0cmVldC1zbGlkZXMtMTg1NDA5MjIzLmh0bWzSAVdodHRwczovL2ZpbmFuY2UueWFob28uY29tL2FtcGh0bWwvbmV3cy9nbG9iYWwtbWFya2V0cy13YWxsLXN0cmVldC1zbGlkZXMtMTg1NDA5MjIzLmh0bWw?oc=5,"<a href=""https://news.google.com/rss/articles/CBMiT2h0dHBzOi8vZmluYW5jZS55YWhvby5jb20vbmV3cy9nbG9iYWwtbWFya2V0cy13YWxsLXN0cmVldC1zbGlkZXMtMTg1NDA5MjIzLmh0bWzSAVdodHRwczovL2ZpbmFuY2UueWFob28uY29tL2FtcGh0bWwvbmV3cy9nbG9iYWwtbWFya2V0cy13YWxsLXN0cmVldC1zbGlkZXMtMTg1NDA5MjIzLmh0bWw?oc=5"" target=""_blank"">GLOBAL MARKETS-Wall Street slides, crude jumps on mounting Middle East tensions</a>&nbsp;&nbsp;<font color=""#6f6f6f"">Yahoo Finance</font>",Yahoo Finance,https://finance.yahoo.com
Markets Media Group Rings the Closing Bell - Nasdaq,https://news.google.com/rss/articles/CBMiSGh0dHBzOi8vd3d3Lm5hc2RhcS5jb20vZXZlbnRzL21hcmtldHMtbWVkaWEtZ3JvdXAtcmluZ3MtdGhlLWNsb3NpbmctYmVsbNIBAA?oc=5,"<a href=""https://news.google.com/rss/articles/CBMiSGh0dHBzOi8vd3d3Lm5hc2RhcS5jb20vZXZlbnRzL21hcmtldHMtbWVkaWEtZ3JvdXAtcmluZ3MtdGhlLWNsb3NpbmctYmVsbNIBAA?oc=5"" target=""_blank"">Markets Media Group Rings the Closing Bell</a>&nbsp;&nbsp;<font color=""#6f6f6f"">Nasdaq</font>",Nasdaq,https://www.nasdaq.com
"GLOBAL MARKETS-European stocks gain, investors focus on central bank meetings - Yahoo Finance",https://news.google.com/rss/articles/CBMiUWh0dHBzOi8vZmluYW5jZS55YWhvby5jb20vbmV3cy9nbG9iYWwtbWFya2V0cy1ldXJvcGVhbi1zdG9ja3MtZ2Fpbi0wOTA5NDY4NTYuaHRtbNIBWWh0dHBzOi8vZmluYW5jZS55YWhvby5jb20vYW1waHRtbC9uZXdzL2dsb2JhbC1tYXJrZXRzLWV1cm9wZWFuLXN0b2Nrcy1nYWluLTA5MDk0Njg1Ni5odG1s?oc=5,"<a href=""https://news.google.com/rss/articles/CBMiUWh0dHBzOi8vZmluYW5jZS55YWhvby5jb20vbmV3cy9nbG9iYWwtbWFya2V0cy1ldXJvcGVhbi1zdG9ja3MtZ2Fpbi0wOTA5NDY4NTYuaHRtbNIBWWh0dHBzOi8vZmluYW5jZS55YWhvby5jb20vYW1waHRtbC9uZXdzL2dsb2JhbC1tYXJrZXRzLWV1cm9wZWFuLXN0b2Nrcy1nYWluLTA5MDk0Njg1Ni5odG1s?oc=5"" target=""_blank"">GLOBAL MARKETS-European stocks gain, investors focus on central bank meetings</a>&nbsp;&nbsp;<font color=""#6f6f6f"">Yahoo Finance</font>",Yahoo Finance,https://finance.yahoo.com
Cboe Global Markets Reaches Analyst Target Price - Nasdaq,https://news.google.com/rss/articles/CBMiUGh0dHBzOi8vd3d3Lm5hc2RhcS5jb20vYXJ0aWNsZXMvY2JvZS1nbG9iYWwtbWFya2V0cy1yZWFjaGVzLWFuYWx5c3QtdGFyZ2V0LXByaWNl0gEA?oc=5,"<a href=""https://news.google.com/rss/articles/CBMiUGh0dHBzOi8vd3d3Lm5hc2RhcS5jb20vYXJ0aWNsZXMvY2JvZS1nbG9iYWwtbWFya2V0cy1yZWFjaGVzLWFuYWx5c3QtdGFyZ2V0LXByaWNl0gEA?oc=5"" target=""_blank"">Cboe Global Markets Reaches Analyst Target Price</a>&nbsp;&nbsp;<font color=""#6f6f6f"">Nasdaq</font>",Nasdaq,https://www.nasdaq.com
Europe braces for a winter of two wars - POLITICO Europe,https://news.google.com/rss/articles/CBMie2h0dHBzOi8vd3d3LnBvbGl0aWNvLmV1L2FydGljbGUvZXVyb3BlLWJyYWNlcy13aW50ZXItdHdvLXdhcnMtZW5lcmd5LXByaWNlLWdhcy1vaWwtZWxlY3RyaWNpdHktaGFtYXMtaXNyYWVsLXVrcmFpbmUtcnVzc2lhL9IBAA?oc=5,"<a href=""https://news.google.com/rss/articles/CBMie2h0dHBzOi8vd3d3LnBvbGl0aWNvLmV1L2FydGljbGUvZXVyb3BlLWJyYWNlcy13aW50ZXItdHdvLXdhcnMtZW5lcmd5LXByaWNlLWdhcy1vaWwtZWxlY3RyaWNpdHktaGFtYXMtaXNyYWVsLXVrcmFpbmUtcnVzc2lhL9IBAA?oc=5"" target=""_blank"">Europe braces for a winter of two wars</a>&nbsp;&nbsp;<font color=""#6f6f6f"">POLITICO Europe</font>",POLITICO Europe,https://www.politico.eu
Wall Street notches weekly loss as benchmark US bond yield eases - Reuters.com,https://news.google.com/rss/articles/CBMiR2h0dHBzOi8vd3d3LnJldXRlcnMuY29tL21hcmtldHMvZ2xvYmFsLW1hcmtldHMtd3JhcHVwLTEtcGl4LTIwMjMtMTAtMjAv0gEA?oc=5,"<a href=""https://news.google.com/rss/articles/CBMiR2h0dHBzOi8vd3d3LnJldXRlcnMuY29tL21hcmtldHMvZ2xvYmFsLW1hcmtldHMtd3JhcHVwLTEtcGl4LTIwMjMtMTAtMjAv0gEA?oc=5"" target=""_blank"">Wall Street notches weekly loss as benchmark US bond yield eases</a>&nbsp;&nbsp;<font color=""#6f6f6f"">Reuters.com</font>",Reuters.com,https://www.reuters.com
Bursa Malaysia ends lower in line with global markets - The Star Online,https://news.google.com/rss/articles/CBMicmh0dHBzOi8vd3d3LnRoZXN0YXIuY29tLm15L2J1c2luZXNzL2J1c2luZXNzLW5ld3MvMjAyMy8xMS8xMC9idXJzYS1tYWxheXNpYS1lbmRzLWxvd2VyLWluLWxpbmUtd2l0aC1nbG9iYWwtbWFya2V0c9IBAA?oc=5,"<a href=""https://news.google.com/rss/articles/CBMicmh0dHBzOi8vd3d3LnRoZXN0YXIuY29tLm15L2J1c2luZXNzL2J1c2luZXNzLW5ld3MvMjAyMy8xMS8xMC9idXJzYS1tYWxheXNpYS1lbmRzLWxvd2VyLWluLWxpbmUtd2l0aC1nbG9iYWwtbWFya2V0c9IBAA?oc=5"" target=""_blank"">Bursa Malaysia ends lower in line with global markets</a>&nbsp;&nbsp;<font color=""#6f6f6f"">The Star Online</font>",The Star Online,https://www.thestar.com.my
"Internet of Things (IoT) Sensors in Healthcare Global Markets and Technology Analysis Report, 2022-2023 & 2023-2028 - Yahoo Finance",https://news.google.com/rss/articles/CBMiVGh0dHBzOi8vZmluYW5jZS55YWhvby5jb20vbmV3cy9pbnRlcm5ldC10aGluZ3MtaW90LXNlbnNvcnMtaGVhbHRoY2FyZS0wODAzMDA2MTUuaHRtbNIBXGh0dHBzOi8vZmluYW5jZS55YWhvby5jb20vYW1waHRtbC9uZXdzL2ludGVybmV0LXRoaW5ncy1pb3Qtc2Vuc29ycy1oZWFsdGhjYXJlLTA4MDMwMDYxNS5odG1s?oc=5,"<a href=""https://news.google.com/rss/articles/CBMiVGh0dHBzOi8vZmluYW5jZS55YWhvby5jb20vbmV3cy9pbnRlcm5ldC10aGluZ3MtaW90LXNlbnNvcnMtaGVhbHRoY2FyZS0wODAzMDA2MTUuaHRtbNIBXGh0dHBzOi8vZmluYW5jZS55YWhvby5jb20vYW1waHRtbC9uZXdzL2ludGVybmV0LXRoaW5ncy1pb3Qtc2Vuc29ycy1oZWFsdGhjYXJlLTA4MDMwMDYxNS5odG1s?oc=5"" target=""_blank"">Internet of Things (IoT) Sensors in Healthcare Global Markets and Technology Analysis Report, 2022-2023 & 2023-2028</a>&nbsp;&nbsp;<font color=""#6f6f6f"">Yahoo Finance</font>",Yahoo Finance,https://finance.yahoo.com
Cboe JP Equities Overview - Cboe Global Markets,https://news.google.com/rss/articles/CBMiIWh0dHBzOi8vd3d3LmNib2UuY29tL2pwL2VxdWl0aWVzL9IBAA?oc=5,"<a href=""https://news.google.com/rss/articles/CBMiIWh0dHBzOi8vd3d3LmNib2UuY29tL2pwL2VxdWl0aWVzL9IBAA?oc=5"" target=""_blank"">Cboe JP Equities Overview</a>&nbsp;&nbsp;<font color=""#6f6f6f"">Cboe Global Markets</font>",Cboe Global Markets,https://www.cboe.com
Winter is Coming: Why the global markets have a 'Game of Thrones' problem - Moneycontrol,https://news.google.com/rss/articles/CBMilQFodHRwczovL3d3dy5tb25leWNvbnRyb2wuY29tL25ld3MvYnVzaW5lc3MvbW9uZXljb250cm9sLXJlc2VhcmNoL3dpbnRlci1pcy1jb21pbmctd2h5LXRoZS1nbG9iYWwtbWFya2V0cy1oYXZlLWEtZ2FtZS1vZi10aHJvbmVzLXByb2JsZW0tMTE2NzAxNTEuaHRtbNIBmQFodHRwczovL3d3dy5tb25leWNvbnRyb2wuY29tL25ld3MvYnVzaW5lc3MvbW9uZXljb250cm9sLXJlc2VhcmNoL3dpbnRlci1pcy1jb21pbmctd2h5LXRoZS1nbG9iYWwtbWFya2V0cy1oYXZlLWEtZ2FtZS1vZi10aHJvbmVzLXByb2JsZW0tMTE2NzAxNTEuaHRtbC9hbXA?oc=5,"<a href=""https://news.google.com/rss/articles/CBMilQFodHRwczovL3d3dy5tb25leWNvbnRyb2wuY29tL25ld3MvYnVzaW5lc3MvbW9uZXljb250cm9sLXJlc2VhcmNoL3dpbnRlci1pcy1jb21pbmctd2h5LXRoZS1nbG9iYWwtbWFya2V0cy1oYXZlLWEtZ2FtZS1vZi10aHJvbmVzLXByb2JsZW0tMTE2NzAxNTEuaHRtbNIBmQFodHRwczovL3d3dy5tb25leWNvbnRyb2wuY29tL25ld3MvYnVzaW5lc3MvbW9uZXljb250cm9sLXJlc2VhcmNoL3dpbnRlci1pcy1jb21pbmctd2h5LXRoZS1nbG9iYWwtbWFya2V0cy1oYXZlLWEtZ2FtZS1vZi10aHJvbmVzLXByb2JsZW0tMTE2NzAxNTEuaHRtbC9hbXA?oc=5"" target=""_blank"">Winter is Coming: Why the global markets have a 'Game of Thrones' problem</a>&nbsp;&nbsp;<font color=""#6f6f6f"">Moneycontrol</font>",Moneycontrol,https://www.moneycontrol.com
"Weekly Top Ten Equity Capital Markets - Nov 13, 2023 - Smartkarma",https://news.google.com/rss/articles/CBMieGh0dHBzOi8vd3d3LnNtYXJ0a2FybWEuY29tL2hvbWUvd2Vla2x5LXRvcC10ZW4vZXF1aXR5LWNhcGl0YWwtbWFya2V0cy93ZWVrbHktdG9wLXRlbi1lcXVpdHktY2FwaXRhbC1tYXJrZXRzLW5vdi0xMy0yMDIzL9IBAA?oc=5,"<a href=""https://news.google.com/rss/articles/CBMieGh0dHBzOi8vd3d3LnNtYXJ0a2FybWEuY29tL2hvbWUvd2Vla2x5LXRvcC10ZW4vZXF1aXR5LWNhcGl0YWwtbWFya2V0cy93ZWVrbHktdG9wLXRlbi1lcXVpdHktY2FwaXRhbC1tYXJrZXRzLW5vdi0xMy0yMDIzL9IBAA?oc=5"" target=""_blank"">Weekly Top Ten Equity Capital Markets - Nov 13, 2023</a>&nbsp;&nbsp;<font color=""#6f6f6f"">Smartkarma</font>",Smartkarma,https://www.smartkarma.com
Apple and Samsung Lost Market Share as Global Smartphone ... - Investopedia,https://news.google.com/rss/articles/CBMibmh0dHBzOi8vd3d3LmludmVzdG9wZWRpYS5jb20vYXBwbGUtYW5kLXNhbXN1bmctbG9zdC1tYXJrZXQtc2hhcmUtYXMtZ2xvYmFsLXNtYXJ0cGhvbmUtc2FsZXMtZmVsbC1pbi1xMy04MzYyMTQ30gEA?oc=5,"<a href=""https://news.google.com/rss/articles/CBMibmh0dHBzOi8vd3d3LmludmVzdG9wZWRpYS5jb20vYXBwbGUtYW5kLXNhbXN1bmctbG9zdC1tYXJrZXQtc2hhcmUtYXMtZ2xvYmFsLXNtYXJ0cGhvbmUtc2FsZXMtZmVsbC1pbi1xMy04MzYyMTQ30gEA?oc=5"" target=""_blank"">Apple and Samsung Lost Market Share as Global Smartphone ...</a>&nbsp;&nbsp;<font color=""#6f6f6f"">Investopedia</font>",Investopedia,https://www.investopedia.com
US oil and gas finds warmer welcome in capital markets - Financial Times,https://news.google.com/rss/articles/CBMiP2h0dHBzOi8vd3d3LmZ0LmNvbS9jb250ZW50LzQyNGU4ZmY3LWRmMjItNGE1OS04OWExLWY1MTQ3MTFlM2Q1YtIBAA?oc=5,"<a href=""https://news.google.com/rss/articles/CBMiP2h0dHBzOi8vd3d3LmZ0LmNvbS9jb250ZW50LzQyNGU4ZmY3LWRmMjItNGE1OS04OWExLWY1MTQ3MTFlM2Q1YtIBAA?oc=5"" target=""_blank"">US oil and gas finds warmer welcome in capital markets</a>&nbsp;&nbsp;<font color=""#6f6f6f"">Financial Times</font>",Financial Times,https://www.ft.com
De Beers keeps production target despite supply glut - Reuters.com,https://news.google.com/rss/articles/CBMibGh0dHBzOi8vd3d3LnJldXRlcnMuY29tL21hcmtldHMvY29tbW9kaXRpZXMvZGUtYmVlcnMta2VlcHMtcHJvZHVjdGlvbi10YXJnZXQtZGVzcGl0ZS1zdXBwbHktZ2x1dC0yMDIzLTExLTEzL9IBAA?oc=5,"<a href=""https://news.google.com/rss/articles/CBMibGh0dHBzOi8vd3d3LnJldXRlcnMuY29tL21hcmtldHMvY29tbW9kaXRpZXMvZGUtYmVlcnMta2VlcHMtcHJvZHVjdGlvbi10YXJnZXQtZGVzcGl0ZS1zdXBwbHktZ2x1dC0yMDIzLTExLTEzL9IBAA?oc=5"" target=""_blank"">De Beers keeps production target despite supply glut</a>&nbsp;&nbsp;<font color=""#6f6f6f"">Reuters.com</font>",Reuters.com,https://www.reuters.com
AFME releases sixth edition of capital markets performance report - Asset Servicing Times,https://news.google.com/rss/articles/CBMijQFodHRwczovL3d3dy5hc3NldHNlcnZpY2luZ3RpbWVzLmNvbS9hc3NldHNlcnZpY2VzbmV3cy9pbmR1c3RyeWFydGljbGUucGhwP2FydGljbGVfaWQ9MTUwMzQmbmF2aWdhdGlvbmFjdGlvbj1pbmR1c3RyeW5ld3MmbmV3c3NlY3Rpb249aW5kdXN0cnnSAQA?oc=5,"<a href=""https://news.google.com/rss/articles/CBMijQFodHRwczovL3d3dy5hc3NldHNlcnZpY2luZ3RpbWVzLmNvbS9hc3NldHNlcnZpY2VzbmV3cy9pbmR1c3RyeWFydGljbGUucGhwP2FydGljbGVfaWQ9MTUwMzQmbmF2aWdhdGlvbmFjdGlvbj1pbmR1c3RyeW5ld3MmbmV3c3NlY3Rpb249aW5kdXN0cnnSAQA?oc=5"" target=""_blank"">AFME releases sixth edition of capital markets performance report</a>&nbsp;&nbsp;<font color=""#6f6f6f"">Asset Servicing Times</font>",Asset Servicing Times,https://www.assetservicingtimes.com
The Largest Import Markets for Fresh Pork Cuts - Global Trade Magazine,https://news.google.com/rss/articles/CBMiTmh0dHBzOi8vd3d3Lmdsb2JhbHRyYWRlbWFnLmNvbS90aGUtbGFyZ2VzdC1pbXBvcnQtbWFya2V0cy1mb3ItZnJlc2gtcG9yay1jdXRzL9IBAA?oc=5,"<a href=""https://news.google.com/rss/articles/CBMiTmh0dHBzOi8vd3d3Lmdsb2JhbHRyYWRlbWFnLmNvbS90aGUtbGFyZ2VzdC1pbXBvcnQtbWFya2V0cy1mb3ItZnJlc2gtcG9yay1jdXRzL9IBAA?oc=5"" target=""_blank"">The Largest Import Markets for Fresh Pork Cuts</a>&nbsp;&nbsp;<font color=""#6f6f6f"">Global Trade Magazine</font>",Global Trade Magazine,https://www.globaltrademag.com
ADNOC Gas to supply LNG to JERA Global Markets - Offshore Technology,https://news.google.com/rss/articles/CBMiQGh0dHBzOi8vd3d3Lm9mZnNob3JlLXRlY2hub2xvZ3kuY29tL25ld3MvYWRub2MtbG5nLWplcmEtbWFya2V0cy_SAQA?oc=5,"<a href=""https://news.google.com/rss/articles/CBMiQGh0dHBzOi8vd3d3Lm9mZnNob3JlLXRlY2hub2xvZ3kuY29tL25ld3MvYWRub2MtbG5nLWplcmEtbWFya2V0cy_SAQA?oc=5"" target=""_blank"">ADNOC Gas to supply LNG to JERA Global Markets</a>&nbsp;&nbsp;<font color=""#6f6f6f"">Offshore Technology</font>",Offshore Technology,https://www.offshore-technology.com
